"postcode","ced_2016","num_in_ced_2016","proportion_in_ced_2016"
"2000","Sydney","1","1.0000"
"2006","Sydney","1","1.0000"
"2007","Sydney","1","1.0000"
"2008","Sydney","1","1.0000"
"2009","Sydney","1","1.0000"
"2010","Sydney","2","0.9784"
"2010","Wentworth","2","0.0216"
"2011","Wentworth","2","0.2914"
"2011","Sydney","2","0.7086"
"2015","Sydney","1","1.0000"
"2016","Sydney","1","1.0000"
"2017","Sydney","1","1.0000"
"2018","Kingsford Smith","2","0.6270"
"2018","Sydney","2","0.3730"
"2019","Kingsford Smith","1","1.0000"
"2020","Kingsford Smith","1","1.0000"
"2021","Wentworth","2","0.9510"
"2021","Kingsford Smith","2","0.0490"
"2022","Wentworth","1","1.0000"
"2023","Wentworth","1","1.0000"
"2024","Wentworth","1","1.0000"
"2025","Wentworth","1","1.0000"
"2026","Wentworth","1","1.0000"
"2027","Wentworth","1","1.0000"
"2028","Wentworth","1","1.0000"
"2029","Wentworth","1","1.0000"
"2030","Wentworth","1","1.0000"
"2031","Kingsford Smith","2","0.7225"
"2031","Wentworth","2","0.2775"
"2032","Kingsford Smith","1","1.0000"
"2033","Kingsford Smith","1","1.0000"
"2034","Kingsford Smith","1","1.0000"
"2035","Kingsford Smith","1","1.0000"
"2036","Kingsford Smith","1","1.0000"
"2037","Sydney","1","1.0000"
"2038","Grayndler","2","0.9376"
"2038","Sydney","2","0.0624"
"2039","Grayndler","1","1.0000"
"2040","Grayndler","1","1.0000"
"2041","Sydney","2","0.0261"
"2041","Grayndler","2","0.9739"
"2042","Grayndler","2","0.5175"
"2042","Sydney","2","0.4825"
"2043","Sydney","1","1.0000"
"2044","Barton","3","0.4810"
"2044","Grayndler","3","0.4427"
"2044","Sydney","3","0.0762"
"2045","Grayndler","1","1.0000"
"2046","Reid","1","1.0000"
"2047","Reid","1","1.0000"
"2048","Grayndler","1","1.0000"
"2049","Grayndler","1","1.0000"
"2050","Sydney","2","0.9575"
"2050","Grayndler","2","0.0425"
"2052","Kingsford Smith","1","1.0000"
"2060","North Sydney","1","1.0000"
"2061","North Sydney","1","1.0000"
"2062","North Sydney","1","1.0000"
"2063","North Sydney","1","1.0000"
"2064","North Sydney","1","1.0000"
"2065","North Sydney","1","1.0000"
"2066","North Sydney","1","1.0000"
"2067","North Sydney","3","0.5363"
"2067","Bradfield","3","0.4169"
"2067","Bennelong","3","0.0468"
"2068","North Sydney","1","1.0000"
"2069","Bradfield","1","1.0000"
"2070","Bradfield","1","1.0000"
"2071","Bradfield","1","1.0000"
"2072","Bradfield","1","1.0000"
"2073","Bradfield","1","1.0000"
"2074","Bradfield","1","1.0000"
"2075","Bradfield","1","1.0000"
"2076","Bradfield","2","0.9131"
"2076","Berowra","2","0.0869"
"2077","Berowra","2","0.7411"
"2077","Bradfield","2","0.2589"
"2079","Berowra","2","0.9063"
"2079","Bradfield","2","0.0937"
"2080","Berowra","1","1.0000"
"2081","Berowra","1","1.0000"
"2082","Berowra","1","1.0000"
"2083","Berowra","2","0.7229"
"2083","Robertson","2","0.2771"
"2084","Mackellar","1","1.0000"
"2085","Mackellar","1","1.0000"
"2086","Mackellar","2","0.8042"
"2086","Warringah","2","0.1958"
"2087","Warringah","2","0.6710"
"2087","Mackellar","2","0.3290"
"2088","Warringah","1","1.0000"
"2089","Warringah","2","0.7011"
"2089","North Sydney","2","0.2989"
"2090","North Sydney","2","0.5909"
"2090","Warringah","2","0.4091"
"2092","Warringah","1","1.0000"
"2093","Warringah","1","1.0000"
"2094","Warringah","1","1.0000"
"2095","Warringah","1","1.0000"
"2096","Warringah","1","1.0000"
"2097","Mackellar","1","1.0000"
"2099","Mackellar","2","0.8151"
"2099","Warringah","2","0.1849"
"2100","Mackellar","2","0.4422"
"2100","Warringah","2","0.5578"
"2101","Mackellar","1","1.0000"
"2102","Mackellar","1","1.0000"
"2103","Mackellar","1","1.0000"
"2104","Mackellar","1","1.0000"
"2105","Mackellar","1","1.0000"
"2106","Mackellar","1","1.0000"
"2107","Mackellar","1","1.0000"
"2108","Mackellar","1","1.0000"
"2109","Bennelong","1","1.0000"
"2110","North Sydney","2","0.9586"
"2110","Grayndler","2","0.0414"
"2111","Bennelong","2","0.6671"
"2111","North Sydney","2","0.3329"
"2112","Bennelong","1","1.0000"
"2113","Bennelong","1","1.0000"
"2114","Bennelong","1","1.0000"
"2115","Bennelong","2","0.9586"
"2115","Parramatta","2","0.0414"
"2116","Parramatta","1","1.0000"
"2117","Parramatta","1","1.0000"
"2118","Parramatta","3","0.5771"
"2118","Bennelong","3","0.2479"
"2118","Berowra","3","0.1750"
"2119","Berowra","2","0.8290"
"2119","Bennelong","2","0.1710"
"2120","Berowra","1","1.0000"
"2121","Bennelong","1","1.0000"
"2122","Bennelong","1","1.0000"
"2123","Parramatta","1","1.0000"
"2125","Berowra","2","0.7933"
"2125","Mitchell","2","0.2067"
"2126","Berowra","1","1.0000"
"2127","Reid","1","1.0000"
"2128","Reid","1","1.0000"
"2129","Reid","1","1.0000"
"2130","Grayndler","2","0.9076"
"2130","Watson","2","0.0924"
"2131","Watson","3","0.4574"
"2131","Grayndler","3","0.4394"
"2131","Reid","3","0.1032"
"2132","Watson","2","0.1799"
"2132","Reid","2","0.8201"
"2133","Watson","1","1.0000"
"2134","Reid","1","1.0000"
"2135","Reid","2","0.9442"
"2135","Watson","2","0.0558"
"2136","Watson","1","1.0000"
"2137","Reid","1","1.0000"
"2138","Reid","1","1.0000"
"2139","Reid","1","1.0000"
"2140","Reid","1","1.0000"
"2141","Reid","3","0.3285"
"2141","Blaxland","3","0.2726"
"2141","Watson","3","0.3989"
"2142","Parramatta","2","0.8604"
"2142","Blaxland","2","0.1396"
"2143","Blaxland","1","1.0000"
"2144","Blaxland","2","0.9633"
"2144","Reid","2","0.0367"
"2145","McMahon","3","0.5190"
"2145","Parramatta","3","0.3689"
"2145","Greenway","3","0.1120"
"2146","Greenway","3","0.3797"
"2146","Mitchell","3","0.0836"
"2146","Parramatta","3","0.5367"
"2147","Greenway","1","1.0000"
"2148","McMahon","3","0.3574"
"2148","Greenway","3","0.3476"
"2148","Chifley","3","0.2950"
"2150","Parramatta","1","1.0000"
"2151","Parramatta","2","0.6217"
"2151","Mitchell","2","0.3783"
"2152","Parramatta","2","0.2016"
"2152","Mitchell","2","0.7984"
"2153","Mitchell","1","1.0000"
"2154","Mitchell","2","0.8829"
"2154","Berowra","2","0.1171"
"2155","Mitchell","2","0.8030"
"2155","Greenway","2","0.1970"
"2156","Berowra","1","1.0000"
"2157","Berowra","1","1.0000"
"2158","Berowra","1","1.0000"
"2159","Berowra","1","1.0000"
"2160","McMahon","2","0.4377"
"2160","Parramatta","2","0.5623"
"2161","McMahon","3","0.7613"
"2161","Blaxland","3","0.2116"
"2161","Parramatta","3","0.0271"
"2162","Blaxland","1","1.0000"
"2163","Blaxland","2","0.7187"
"2163","Fowler","2","0.2813"
"2164","McMahon","1","1.0000"
"2165","McMahon","2","0.7605"
"2165","Fowler","2","0.2395"
"2166","Fowler","2","0.9601"
"2166","McMahon","2","0.0399"
"2167","Werriwa","1","1.0000"
"2168","Werriwa","1","1.0000"
"2170","Fowler","3","0.3909"
"2170","Werriwa","3","0.3535"
"2170","Hughes","3","0.2556"
"2171","Werriwa","1","1.0000"
"2172","Hughes","1","1.0000"
"2173","Macarthur","2","0.5168"
"2173","Hughes","2","0.4832"
"2174","Werriwa","1","1.0000"
"2175","McMahon","1","1.0000"
"2176","Fowler","2","0.9301"
"2176","McMahon","2","0.0699"
"2177","Werriwa","2","0.7042"
"2177","Fowler","2","0.2958"
"2178","McMahon","2","0.6175"
"2178","Werriwa","2","0.3825"
"2179","Macarthur","2","0.5057"
"2179","Werriwa","2","0.4943"
"2190","Watson","1","1.0000"
"2191","Watson","1","1.0000"
"2192","Watson","2","0.9651"
"2192","Barton","2","0.0349"
"2193","Barton","3","0.2909"
"2193","Grayndler","3","0.1717"
"2193","Watson","3","0.5374"
"2194","Watson","2","0.7965"
"2194","Barton","2","0.2035"
"2195","Watson","1","1.0000"
"2196","Watson","1","1.0000"
"2197","Blaxland","1","1.0000"
"2198","Blaxland","1","1.0000"
"2199","Blaxland","2","0.9706"
"2199","Watson","2","0.0294"
"2200","Blaxland","2","0.9331"
"2200","Watson","2","0.0669"
"2203","Grayndler","2","0.9046"
"2203","Barton","2","0.0954"
"2204","Grayndler","2","0.6191"
"2204","Barton","2","0.3809"
"2205","Barton","1","1.0000"
"2206","Barton","1","1.0000"
"2207","Barton","1","1.0000"
"2208","Barton","2","0.7303"
"2208","Watson","2","0.2697"
"2209","Banks","3","0.4979"
"2209","Barton","3","0.2879"
"2209","Watson","3","0.2141"
"2210","Banks","2","0.8997"
"2210","Watson","2","0.1003"
"2211","Banks","3","0.8874"
"2211","Blaxland","3","0.0799"
"2211","Watson","3","0.0327"
"2212","Banks","2","0.7102"
"2212","Blaxland","2","0.2898"
"2213","Banks","1","1.0000"
"2214","Blaxland","2","0.8693"
"2214","Banks","2","0.1307"
"2216","Barton","1","1.0000"
"2217","Cook","2","0.7679"
"2217","Barton","2","0.2321"
"2218","Banks","2","0.6231"
"2218","Barton","2","0.3769"
"2219","Cook","1","1.0000"
"2220","Barton","2","0.6467"
"2220","Banks","2","0.3533"
"2221","Cook","2","0.5582"
"2221","Banks","2","0.4418"
"2222","Banks","2","0.9796"
"2222","Barton","2","0.0204"
"2223","Banks","1","1.0000"
"2224","Cook","1","1.0000"
"2225","Hughes","1","1.0000"
"2226","Hughes","1","1.0000"
"2227","Cook","2","0.9617"
"2227","Hughes","2","0.0383"
"2228","Cook","1","1.0000"
"2229","Cook","1","1.0000"
"2230","Cook","2","0.8399"
"2230","Hughes","2","0.1601"
"2231","Cook","1","1.0000"
"2232","Hughes","1","1.0000"
"2233","Hughes","1","1.0000"
"2234","Hughes","1","1.0000"
"2250","Robertson","3","0.8589"
"2250","Dobell","3","0.1204"
"2250","Hunter","3","0.0206"
"2251","Robertson","1","1.0000"
"2256","Robertson","1","1.0000"
"2257","Robertson","1","1.0000"
"2258","Dobell","1","1.0000"
"2259","Dobell","3","0.8091"
"2259","Hunter","3","0.1027"
"2259","Shortland","3","0.0883"
"2260","Robertson","2","0.5485"
"2260","Dobell","2","0.4515"
"2261","Dobell","1","1.0000"
"2262","Dobell","2","0.2242"
"2262","Shortland","2","0.7758"
"2263","Dobell","1","1.0000"
"2264","Hunter","1","1.0000"
"2265","Hunter","1","1.0000"
"2267","Hunter","1","1.0000"
"2278","Hunter","1","1.0000"
"2280","Shortland","1","1.0000"
"2281","Shortland","1","1.0000"
"2282","Shortland","1","1.0000"
"2283","Hunter","1","1.0000"
"2284","Shortland","2","0.2375"
"2284","Hunter","2","0.7625"
"2285","Hunter","3","0.5810"
"2285","Shortland","3","0.2867"
"2285","Newcastle","3","0.1323"
"2286","Hunter","1","1.0000"
"2287","Newcastle","2","0.9332"
"2287","Hunter","2","0.0668"
"2289","Newcastle","2","0.6515"
"2289","Shortland","2","0.3485"
"2290","Shortland","1","1.0000"
"2291","Newcastle","1","1.0000"
"2292","Newcastle","1","1.0000"
"2293","Newcastle","1","1.0000"
"2294","Newcastle","1","1.0000"
"2295","Paterson","2","0.6991"
"2295","Newcastle","2","0.3009"
"2296","Newcastle","1","1.0000"
"2297","Newcastle","1","1.0000"
"2298","Newcastle","1","1.0000"
"2299","Newcastle","1","1.0000"
"2300","Newcastle","1","1.0000"
"2302","Newcastle","1","1.0000"
"2303","Newcastle","1","1.0000"
"2304","Newcastle","1","1.0000"
"2305","Newcastle","1","1.0000"
"2306","Shortland","1","1.0000"
"2307","Newcastle","1","1.0000"
"2308","Newcastle","1","1.0000"
"2311","Lyne","1","1.0000"
"2312","Lyne","1","1.0000"
"2314","Paterson","1","1.0000"
"2315","Paterson","1","1.0000"
"2316","Paterson","1","1.0000"
"2317","Paterson","1","1.0000"
"2318","Paterson","1","1.0000"
"2319","Paterson","1","1.0000"
"2320","Hunter","3","0.3975"
"2320","Lyne","3","0.3817"
"2320","Paterson","3","0.2208"
"2321","Lyne","2","0.7856"
"2321","Paterson","2","0.2144"
"2322","Paterson","2","0.8940"
"2322","Newcastle","2","0.1060"
"2323","Hunter","2","0.6058"
"2323","Paterson","2","0.3942"
"2324","Lyne","2","0.7941"
"2324","Paterson","2","0.2059"
"2325","Hunter","1","1.0000"
"2326","Paterson","1","1.0000"
"2327","Paterson","1","1.0000"
"2328","Hunter","1","1.0000"
"2329","New England","2","0.9347"
"2329","Parkes","2","0.0653"
"2330","Hunter","2","0.9662"
"2330","Calare","2","0.0338"
"2331","Hunter","1","1.0000"
"2333","Hunter","2","0.8932"
"2333","New England","2","0.1068"
"2334","Hunter","1","1.0000"
"2335","Hunter","2","0.9597"
"2335","Lyne","2","0.0403"
"2336","New England","2","0.9189"
"2336","Hunter","2","0.0811"
"2337","New England","1","1.0000"
"2338","New England","1","1.0000"
"2339","New England","1","1.0000"
"2340","New England","2","0.9052"
"2340","Parkes","2","0.0948"
"2341","New England","1","1.0000"
"2342","New England","2","0.5626"
"2342","Parkes","2","0.4374"
"2343","New England","2","0.9342"
"2343","Parkes","2","0.0658"
"2344","New England","1","1.0000"
"2345","New England","1","1.0000"
"2346","New England","1","1.0000"
"2347","New England","1","1.0000"
"2350","New England","1","1.0000"
"2351","New England","1","1.0000"
"2352","New England","1","1.0000"
"2353","New England","1","1.0000"
"2354","New England","1","1.0000"
"2355","New England","1","1.0000"
"2356","Parkes","1","1.0000"
"2357","Parkes","1","1.0000"
"2358","New England","1","1.0000"
"2359","New England","1","1.0000"
"2360","New England","1","1.0000"
"2361","New England","1","1.0000"
"2365","New England","2","0.9533"
"2365","Page","2","0.0467"
"2369","New England","1","1.0000"
"2370","New England","2","0.8900"
"2370","Page","2","0.1100"
"2371","New England","1","1.0000"
"2372","New England","1","1.0000"
"2379","Parkes","1","1.0000"
"2380","Parkes","1","1.0000"
"2381","Parkes","2","0.8902"
"2381","New England","2","0.1098"
"2382","Parkes","1","1.0000"
"2386","Parkes","1","1.0000"
"2387","Parkes","1","1.0000"
"2388","Parkes","1","1.0000"
"2390","Parkes","2","0.9133"
"2390","New England","2","0.0867"
"2395","Parkes","1","1.0000"
"2396","Parkes","1","1.0000"
"2397","Parkes","1","1.0000"
"2398","Parkes","1","1.0000"
"2399","Parkes","1","1.0000"
"2400","Parkes","1","1.0000"
"2401","Parkes","1","1.0000"
"2402","Parkes","1","1.0000"
"2403","New England","2","0.6102"
"2403","Parkes","2","0.3898"
"2404","Parkes","2","0.1203"
"2404","New England","2","0.8797"
"2405","Parkes","1","1.0000"
"2406","Parkes","2","0.6705"
"2406","Maranoa","2","0.3295"
"2408","Parkes","1","1.0000"
"2409","Parkes","1","1.0000"
"2410","New England","1","1.0000"
"2411","Parkes","1","1.0000"
"2415","Lyne","1","1.0000"
"2420","Lyne","1","1.0000"
"2421","Lyne","1","1.0000"
"2422","Lyne","1","1.0000"
"2423","Lyne","1","1.0000"
"2424","Lyne","1","1.0000"
"2425","Lyne","1","1.0000"
"2426","Lyne","1","1.0000"
"2427","Lyne","1","1.0000"
"2428","Lyne","1","1.0000"
"2429","Lyne","1","1.0000"
"2430","Lyne","1","1.0000"
"2431","Cowper","1","1.0000"
"2439","Lyne","1","1.0000"
"2440","Cowper","2","0.8587"
"2440","New England","2","0.1413"
"2441","Cowper","2","0.7009"
"2441","Lyne","2","0.2991"
"2443","Lyne","1","1.0000"
"2444","Cowper","1","1.0000"
"2445","Lyne","1","1.0000"
"2446","Lyne","1","1.0000"
"2447","Cowper","1","1.0000"
"2448","Cowper","1","1.0000"
"2449","Cowper","1","1.0000"
"2450","Page","2","0.6151"
"2450","Cowper","2","0.3849"
"2452","Cowper","1","1.0000"
"2453","Page","3","0.5528"
"2453","Cowper","3","0.2857"
"2453","New England","3","0.1615"
"2454","Cowper","1","1.0000"
"2455","Cowper","1","1.0000"
"2456","Page","1","1.0000"
"2460","Page","1","1.0000"
"2462","Page","1","1.0000"
"2463","Page","1","1.0000"
"2464","Page","1","1.0000"
"2465","Page","1","1.0000"
"2466","Page","1","1.0000"
"2469","Page","2","0.8588"
"2469","New England","2","0.1412"
"2470","Page","1","1.0000"
"2471","Page","1","1.0000"
"2472","Page","1","1.0000"
"2473","Page","1","1.0000"
"2474","Page","1","1.0000"
"2475","New England","2","0.8172"
"2475","Page","2","0.1828"
"2476","New England","2","0.7492"
"2476","Page","2","0.2508"
"2477","Page","2","0.8717"
"2477","Richmond","2","0.1283"
"2478","Richmond","2","0.8721"
"2478","Page","2","0.1279"
"2479","Richmond","1","1.0000"
"2480","Page","2","0.9414"
"2480","Richmond","2","0.0586"
"2481","Richmond","1","1.0000"
"2482","Richmond","1","1.0000"
"2483","Richmond","1","1.0000"
"2484","Richmond","1","1.0000"
"2485","Richmond","1","1.0000"
"2486","Richmond","1","1.0000"
"2487","Richmond","1","1.0000"
"2488","Richmond","1","1.0000"
"2489","Richmond","1","1.0000"
"2490","Richmond","1","1.0000"
"2500","Cunningham","1","1.0000"
"2502","Whitlam","2","0.6216"
"2502","Cunningham","2","0.3784"
"2505","Cunningham","1","1.0000"
"2506","Whitlam","1","1.0000"
"2508","Cunningham","3","0.8913"
"2508","Macarthur","3","0.0775"
"2508","Hughes","3","0.0311"
"2515","Cunningham","1","1.0000"
"2516","Cunningham","1","1.0000"
"2517","Cunningham","1","1.0000"
"2518","Cunningham","1","1.0000"
"2519","Cunningham","1","1.0000"
"2522","Cunningham","1","1.0000"
"2525","Cunningham","1","1.0000"
"2526","Cunningham","2","0.8598"
"2526","Whitlam","2","0.1402"
"2527","Whitlam","2","0.9185"
"2527","Gilmore","2","0.0815"
"2528","Whitlam","1","1.0000"
"2529","Whitlam","1","1.0000"
"2530","Whitlam","2","0.9631"
"2530","Cunningham","2","0.0369"
"2533","Gilmore","1","1.0000"
"2534","Gilmore","1","1.0000"
"2535","Gilmore","1","1.0000"
"2536","Gilmore","1","1.0000"
"2537","Gilmore","2","0.5389"
"2537","Eden-Monaro","2","0.4611"
"2538","Gilmore","1","1.0000"
"2539","Gilmore","1","1.0000"
"2540","Gilmore","2","0.9643"
"2540","Fenner","2","0.0357"
"2541","Gilmore","1","1.0000"
"2545","Eden-Monaro","1","1.0000"
"2546","Eden-Monaro","1","1.0000"
"2548","Eden-Monaro","1","1.0000"
"2549","Eden-Monaro","1","1.0000"
"2550","Eden-Monaro","1","1.0000"
"2551","Eden-Monaro","1","1.0000"
"2555","Lindsay","2","0.3275"
"2555","Werriwa","2","0.6725"
"2556","Hume","3","0.6126"
"2556","Werriwa","3","0.2989"
"2556","Macarthur","3","0.0885"
"2557","Macarthur","2","0.6841"
"2557","Werriwa","2","0.3159"
"2558","Macarthur","1","1.0000"
"2559","Macarthur","1","1.0000"
"2560","Hume","3","0.4452"
"2560","Cunningham","3","0.3004"
"2560","Macarthur","3","0.2543"
"2563","Macarthur","1","1.0000"
"2564","Werriwa","1","1.0000"
"2565","Macarthur","2","0.6257"
"2565","Werriwa","2","0.3743"
"2566","Macarthur","1","1.0000"
"2567","Hume","2","0.5372"
"2567","Macarthur","2","0.4628"
"2568","Hume","1","1.0000"
"2569","Hume","1","1.0000"
"2570","Hume","2","0.9708"
"2570","Macarthur","2","0.0292"
"2571","Hume","1","1.0000"
"2572","Hume","1","1.0000"
"2573","Hume","1","1.0000"
"2574","Whitlam","3","0.6890"
"2574","Hume","3","0.2412"
"2574","Cunningham","3","0.0699"
"2575","Hume","2","0.8285"
"2575","Whitlam","2","0.1715"
"2576","Whitlam","1","1.0000"
"2577","Whitlam","3","0.3393"
"2577","Gilmore","3","0.2427"
"2577","Hume","3","0.4180"
"2578","Hume","1","1.0000"
"2579","Hume","1","1.0000"
"2580","Hume","3","0.8487"
"2580","Eden-Monaro","3","0.0913"
"2580","Calare","3","0.0600"
"2581","Hume","2","0.8612"
"2581","Eden-Monaro","2","0.1388"
"2582","Hume","3","0.0229"
"2582","Eden-Monaro","3","0.8866"
"2582","Riverina","3","0.0905"
"2583","Hume","1","1.0000"
"2584","Eden-Monaro","1","1.0000"
"2585","Riverina","1","1.0000"
"2586","Hume","2","0.8592"
"2586","Riverina","2","0.1408"
"2587","Riverina","1","1.0000"
"2588","Riverina","1","1.0000"
"2590","Riverina","1","1.0000"
"2594","Riverina","1","1.0000"
"2600","Canberra","1","1.0000"
"2601","Canberra","1","1.0000"
"2602","Fenner","1","1.0000"
"2603","Canberra","1","1.0000"
"2604","Canberra","1","1.0000"
"2605","Canberra","1","1.0000"
"2606","Canberra","1","1.0000"
"2607","Canberra","1","1.0000"
"2609","Fenner","2","0.7523"
"2609","Canberra","2","0.2477"
"2611","Canberra","2","0.3432"
"2611","Eden-Monaro","2","0.6568"
"2612","Canberra","2","0.9011"
"2612","Fenner","2","0.0989"
"2614","Fenner","1","1.0000"
"2615","Fenner","1","1.0000"
"2617","Fenner","2","0.7952"
"2617","Canberra","2","0.2048"
"2618","Eden-Monaro","1","1.0000"
"2619","Eden-Monaro","1","1.0000"
"2620","Fenner","3","0.0267"
"2620","Eden-Monaro","3","0.5744"
"2620","Canberra","3","0.3989"
"2621","Eden-Monaro","1","1.0000"
"2622","Eden-Monaro","3","0.7306"
"2622","Gilmore","3","0.2264"
"2622","Hume","3","0.0430"
"2623","Eden-Monaro","1","1.0000"
"2625","Eden-Monaro","1","1.0000"
"2626","Eden-Monaro","1","1.0000"
"2627","Eden-Monaro","1","1.0000"
"2628","Eden-Monaro","1","1.0000"
"2629","Eden-Monaro","1","1.0000"
"2630","Eden-Monaro","1","1.0000"
"2631","Eden-Monaro","1","1.0000"
"2632","Eden-Monaro","1","1.0000"
"2633","Eden-Monaro","1","1.0000"
"2640","Farrer","2","0.8930"
"2640","Eden-Monaro","2","0.1070"
"2641","Farrer","1","1.0000"
"2642","Eden-Monaro","3","0.4994"
"2642","Farrer","3","0.3543"
"2642","Riverina","3","0.1463"
"2643","Farrer","1","1.0000"
"2644","Farrer","1","1.0000"
"2645","Farrer","2","0.8865"
"2645","Riverina","2","0.1135"
"2646","Farrer","1","1.0000"
"2647","Farrer","1","1.0000"
"2648","Farrer","2","0.8701"
"2648","Parkes","2","0.1299"
"2649","Eden-Monaro","1","1.0000"
"2650","Riverina","2","0.8807"
"2650","Farrer","2","0.1193"
"2651","Riverina","1","1.0000"
"2652","Farrer","2","0.6416"
"2652","Riverina","2","0.3584"
"2653","Eden-Monaro","1","1.0000"
"2655","Riverina","1","1.0000"
"2656","Riverina","1","1.0000"
"2658","Riverina","2","0.5856"
"2658","Farrer","2","0.4144"
"2659","Farrer","2","0.9799"
"2659","Riverina","2","0.0201"
"2660","Farrer","1","1.0000"
"2661","Riverina","1","1.0000"
"2663","Riverina","1","1.0000"
"2665","Riverina","2","0.6273"
"2665","Farrer","2","0.3727"
"2666","Riverina","1","1.0000"
"2668","Riverina","1","1.0000"
"2669","Riverina","3","0.5744"
"2669","Parkes","3","0.2413"
"2669","Farrer","3","0.1843"
"2671","Riverina","2","0.8381"
"2671","Parkes","2","0.1619"
"2672","Parkes","1","1.0000"
"2675","Farrer","1","1.0000"
"2678","Riverina","1","1.0000"
"2680","Farrer","1","1.0000"
"2681","Farrer","1","1.0000"
"2700","Farrer","1","1.0000"
"2701","Riverina","1","1.0000"
"2702","Riverina","1","1.0000"
"2703","Farrer","1","1.0000"
"2705","Farrer","1","1.0000"
"2706","Farrer","1","1.0000"
"2707","Farrer","1","1.0000"
"2710","Farrer","1","1.0000"
"2711","Farrer","1","1.0000"
"2712","Farrer","1","1.0000"
"2713","Farrer","1","1.0000"
"2714","Farrer","1","1.0000"
"2715","Farrer","1","1.0000"
"2716","Farrer","1","1.0000"
"2717","Farrer","1","1.0000"
"2720","Eden-Monaro","1","1.0000"
"2721","Riverina","1","1.0000"
"2722","Riverina","2","0.9262"
"2722","Eden-Monaro","2","0.0738"
"2725","Riverina","1","1.0000"
"2726","Riverina","1","1.0000"
"2727","Riverina","1","1.0000"
"2729","Riverina","2","0.3785"
"2729","Eden-Monaro","2","0.6215"
"2730","Eden-Monaro","1","1.0000"
"2731","Farrer","1","1.0000"
"2732","Farrer","1","1.0000"
"2733","Farrer","1","1.0000"
"2734","Farrer","1","1.0000"
"2735","Farrer","1","1.0000"
"2736","Farrer","1","1.0000"
"2737","Farrer","1","1.0000"
"2738","Farrer","1","1.0000"
"2739","Farrer","1","1.0000"
"2745","Hume","2","0.5164"
"2745","Lindsay","2","0.4836"
"2747","Lindsay","2","0.7853"
"2747","Chifley","2","0.2147"
"2748","Lindsay","2","0.9095"
"2748","McMahon","2","0.0905"
"2749","Lindsay","1","1.0000"
"2750","Lindsay","1","1.0000"
"2752","Hume","1","1.0000"
"2753","Lindsay","2","0.2823"
"2753","Macquarie","2","0.7177"
"2754","Macquarie","1","1.0000"
"2755","Macquarie","1","1.0000"
"2756","Macquarie","2","0.9040"
"2756","Berowra","2","0.0960"
"2757","Macquarie","1","1.0000"
"2758","Macquarie","1","1.0000"
"2759","McMahon","1","1.0000"
"2760","Lindsay","2","0.8736"
"2760","Chifley","2","0.1264"
"2761","Chifley","1","1.0000"
"2762","Chifley","2","0.5481"
"2762","Greenway","2","0.4519"
"2763","Greenway","2","0.6271"
"2763","Chifley","2","0.3729"
"2765","Chifley","6","0.2631"
"2765","Macquarie","6","0.2530"
"2765","Mitchell","6","0.1653"
"2765","Lindsay","6","0.1474"
"2765","Greenway","6","0.0995"
"2765","Berowra","6","0.0717"
"2766","McMahon","2","0.6819"
"2766","Chifley","2","0.3181"
"2767","Chifley","1","1.0000"
"2768","Greenway","1","1.0000"
"2769","Greenway","1","1.0000"
"2770","Chifley","2","0.8307"
"2770","McMahon","2","0.1693"
"2773","Macquarie","1","1.0000"
"2774","Macquarie","1","1.0000"
"2775","Berowra","3","0.0580"
"2775","Macquarie","3","0.7774"
"2775","Robertson","3","0.1646"
"2776","Macquarie","1","1.0000"
"2777","Macquarie","1","1.0000"
"2778","Macquarie","1","1.0000"
"2779","Macquarie","1","1.0000"
"2780","Macquarie","1","1.0000"
"2782","Macquarie","1","1.0000"
"2783","Macquarie","1","1.0000"
"2784","Macquarie","1","1.0000"
"2785","Macquarie","2","0.8689"
"2785","Calare","2","0.1311"
"2786","Macquarie","2","0.5552"
"2786","Calare","2","0.4448"
"2787","Calare","3","0.4433"
"2787","Hume","3","0.2925"
"2787","Macquarie","3","0.2643"
"2790","Calare","1","1.0000"
"2791","Calare","1","1.0000"
"2792","Calare","2","0.6608"
"2792","Riverina","2","0.3392"
"2793","Riverina","1","1.0000"
"2794","Riverina","2","0.8513"
"2794","Hume","2","0.1487"
"2795","Calare","1","1.0000"
"2797","Calare","1","1.0000"
"2798","Calare","1","1.0000"
"2799","Calare","2","0.8290"
"2799","Riverina","2","0.1710"
"2800","Calare","1","1.0000"
"2803","Riverina","1","1.0000"
"2804","Calare","2","0.6111"
"2804","Riverina","2","0.3889"
"2805","Riverina","2","0.8204"
"2805","Calare","2","0.1796"
"2806","Riverina","2","0.5284"
"2806","Calare","2","0.4716"
"2807","Riverina","1","1.0000"
"2808","Hume","2","0.6829"
"2808","Riverina","2","0.3171"
"2809","Riverina","1","1.0000"
"2810","Riverina","1","1.0000"
"2817","Parkes","1","1.0000"
"2818","Parkes","2","0.4009"
"2818","Calare","2","0.5991"
"2820","Calare","1","1.0000"
"2821","Parkes","1","1.0000"
"2822","Parkes","1","1.0000"
"2823","Parkes","1","1.0000"
"2824","Parkes","1","1.0000"
"2825","Parkes","1","1.0000"
"2826","Parkes","1","1.0000"
"2827","Parkes","1","1.0000"
"2828","Parkes","1","1.0000"
"2829","Parkes","1","1.0000"
"2830","Parkes","1","1.0000"
"2831","Parkes","1","1.0000"
"2832","Parkes","1","1.0000"
"2833","Parkes","1","1.0000"
"2834","Parkes","1","1.0000"
"2835","Parkes","1","1.0000"
"2836","Parkes","1","1.0000"
"2838","Parkes","1","1.0000"
"2839","Parkes","1","1.0000"
"2840","Parkes","1","1.0000"
"2842","Parkes","1","1.0000"
"2843","Parkes","1","1.0000"
"2844","Parkes","2","0.9569"
"2844","Calare","2","0.0431"
"2845","Calare","1","1.0000"
"2846","Calare","1","1.0000"
"2847","Calare","1","1.0000"
"2848","Calare","1","1.0000"
"2849","Calare","1","1.0000"
"2850","Calare","2","0.9788"
"2850","New England","2","0.0212"
"2852","Calare","1","1.0000"
"2864","Calare","1","1.0000"
"2865","Calare","1","1.0000"
"2866","Calare","1","1.0000"
"2867","Calare","1","1.0000"
"2868","Calare","1","1.0000"
"2869","Riverina","2","0.6034"
"2869","Parkes","2","0.3966"
"2870","Riverina","2","0.9402"
"2870","Calare","2","0.0598"
"2871","Riverina","2","0.9018"
"2871","Parkes","2","0.0982"
"2873","Parkes","1","1.0000"
"2874","Riverina","2","0.6103"
"2874","Parkes","2","0.3897"
"2875","Riverina","2","0.6755"
"2875","Parkes","2","0.3245"
"2876","Riverina","1","1.0000"
"2877","Parkes","1","1.0000"
"2878","Parkes","2","0.8275"
"2878","Farrer","2","0.1725"
"2879","Parkes","1","1.0000"
"2880","Parkes","1","1.0000"
"2898","Sydney","1","1.0000"
"2900","Canberra","1","1.0000"
"2902","Canberra","1","1.0000"
"2903","Canberra","1","1.0000"
"2904","Canberra","1","1.0000"
"2905","Canberra","1","1.0000"
"2906","Canberra","1","1.0000"
"2911","Fenner","1","1.0000"
"2912","Fenner","1","1.0000"
"2913","Fenner","1","1.0000"
"2914","Fenner","1","1.0000"
"3000","Melbourne","1","1.0000"
"3002","Melbourne","1","1.0000"
"3003","Melbourne","2","0.9736"
"3003","Melbourne Ports","2","0.0264"
"3004","Melbourne Ports","2","0.8983"
"3004","Melbourne","2","0.1017"
"3005","Melbourne","1","1.0000"
"3006","Melbourne Ports","1","1.0000"
"3008","Melbourne","2","0.7900"
"3008","Melbourne Ports","2","0.2100"
"3010","Melbourne","1","1.0000"
"3011","Gellibrand","1","1.0000"
"3012","Gellibrand","2","0.8584"
"3012","Maribyrnong","2","0.1416"
"3013","Gellibrand","1","1.0000"
"3015","Gellibrand","1","1.0000"
"3016","Gellibrand","1","1.0000"
"3018","Gellibrand","1","1.0000"
"3019","Maribyrnong","1","1.0000"
"3020","Gellibrand","2","0.6751"
"3020","Maribyrnong","2","0.3249"
"3021","Maribyrnong","2","0.7755"
"3021","Gorton","2","0.2245"
"3022","Gellibrand","2","0.9369"
"3022","Gorton","2","0.0631"
"3023","Gorton","1","1.0000"
"3024","Lalor","2","0.6716"
"3024","Gorton","2","0.3284"
"3025","Gellibrand","1","1.0000"
"3026","Gellibrand","2","0.0976"
"3026","Lalor","2","0.9024"
"3027","Lalor","1","1.0000"
"3028","Gellibrand","2","0.5557"
"3028","Lalor","2","0.4443"
"3029","Lalor","2","0.8015"
"3029","Gorton","2","0.1985"
"3030","Lalor","2","0.9504"
"3030","Gorton","2","0.0496"
"3031","Melbourne","1","1.0000"
"3032","Melbourne","2","0.4364"
"3032","Maribyrnong","2","0.5636"
"3033","Maribyrnong","1","1.0000"
"3034","Maribyrnong","1","1.0000"
"3036","Calwell","2","0.9650"
"3036","Maribyrnong","2","0.0350"
"3037","Gorton","2","0.7228"
"3037","Calwell","2","0.2772"
"3038","Calwell","1","1.0000"
"3039","Maribyrnong","1","1.0000"
"3040","Maribyrnong","1","1.0000"
"3041","Maribyrnong","2","0.3565"
"3041","Wills","2","0.6435"
"3042","Maribyrnong","2","0.6498"
"3042","Calwell","2","0.3502"
"3043","Calwell","3","0.8650"
"3043","Wills","3","0.0965"
"3043","Maribyrnong","3","0.0385"
"3044","Wills","1","1.0000"
"3045","Calwell","1","1.0000"
"3046","Wills","1","1.0000"
"3047","Calwell","1","1.0000"
"3048","Calwell","1","1.0000"
"3049","Calwell","1","1.0000"
"3050","Melbourne","1","1.0000"
"3051","Melbourne","1","1.0000"
"3052","Melbourne","1","1.0000"
"3053","Melbourne","1","1.0000"
"3054","Melbourne","1","1.0000"
"3055","Wills","1","1.0000"
"3056","Wills","1","1.0000"
"3057","Wills","1","1.0000"
"3058","Wills","1","1.0000"
"3059","Calwell","1","1.0000"
"3060","Wills","2","0.9722"
"3060","Calwell","2","0.0278"
"3061","Calwell","1","1.0000"
"3062","Calwell","1","1.0000"
"3063","McEwen","1","1.0000"
"3064","McEwen","2","0.8251"
"3064","Calwell","2","0.1749"
"3065","Melbourne","1","1.0000"
"3066","Melbourne","2","0.9734"
"3066","Batman","2","0.0266"
"3067","Melbourne","2","0.9762"
"3067","Batman","2","0.0238"
"3068","Melbourne","3","0.4223"
"3068","Batman","3","0.3935"
"3068","Wills","3","0.1842"
"3070","Batman","1","1.0000"
"3071","Batman","1","1.0000"
"3072","Batman","1","1.0000"
"3073","Batman","1","1.0000"
"3074","Batman","2","0.3149"
"3074","Scullin","2","0.6851"
"3075","Scullin","1","1.0000"
"3076","Scullin","1","1.0000"
"3078","Batman","1","1.0000"
"3079","Jagajaga","1","1.0000"
"3081","Jagajaga","1","1.0000"
"3082","Scullin","1","1.0000"
"3083","Batman","3","0.4509"
"3083","Scullin","3","0.4472"
"3083","Jagajaga","3","0.1019"
"3084","Jagajaga","1","1.0000"
"3085","Jagajaga","2","0.7587"
"3085","Batman","2","0.2413"
"3086","Batman","1","1.0000"
"3087","Jagajaga","2","0.6149"
"3087","Scullin","2","0.3851"
"3088","Jagajaga","2","0.7875"
"3088","Scullin","2","0.2125"
"3089","Scullin","1","1.0000"
"3090","Scullin","1","1.0000"
"3091","Scullin","1","1.0000"
"3093","Jagajaga","1","1.0000"
"3094","Jagajaga","1","1.0000"
"3095","Jagajaga","1","1.0000"
"3096","Scullin","1","1.0000"
"3097","Jagajaga","2","0.7896"
"3097","McEwen","2","0.2104"
"3099","McEwen","2","0.8529"
"3099","Scullin","2","0.1471"
"3101","Kooyong","1","1.0000"
"3102","Kooyong","1","1.0000"
"3103","Kooyong","1","1.0000"
"3104","Kooyong","1","1.0000"
"3105","Menzies","1","1.0000"
"3106","Menzies","1","1.0000"
"3107","Menzies","1","1.0000"
"3108","Menzies","1","1.0000"
"3109","Menzies","1","1.0000"
"3111","Menzies","1","1.0000"
"3113","Menzies","2","0.6643"
"3113","Jagajaga","2","0.3357"
"3114","Menzies","1","1.0000"
"3115","Casey","2","0.0795"
"3115","Menzies","2","0.9205"
"3116","Casey","1","1.0000"
"3121","Melbourne","1","1.0000"
"3122","Kooyong","1","1.0000"
"3123","Kooyong","1","1.0000"
"3124","Kooyong","1","1.0000"
"3125","Chisholm","1","1.0000"
"3126","Kooyong","1","1.0000"
"3127","Chisholm","2","0.5425"
"3127","Kooyong","2","0.4575"
"3128","Chisholm","1","1.0000"
"3129","Chisholm","2","0.8723"
"3129","Kooyong","2","0.1277"
"3130","Deakin","2","0.7052"
"3130","Chisholm","2","0.2948"
"3131","Deakin","2","0.7800"
"3131","Chisholm","2","0.2200"
"3132","Deakin","1","1.0000"
"3133","Deakin","1","1.0000"
"3134","Deakin","2","0.5619"
"3134","Menzies","2","0.4381"
"3135","Deakin","1","1.0000"
"3136","Deakin","3","0.4712"
"3136","Menzies","3","0.2754"
"3136","Casey","3","0.2534"
"3137","Casey","1","1.0000"
"3138","Casey","1","1.0000"
"3139","Casey","2","0.9671"
"3139","La Trobe","2","0.0329"
"3140","Casey","1","1.0000"
"3141","Higgins","2","0.7095"
"3141","Melbourne Ports","2","0.2905"
"3142","Higgins","1","1.0000"
"3143","Higgins","1","1.0000"
"3144","Higgins","1","1.0000"
"3145","Higgins","2","0.8599"
"3145","Melbourne Ports","2","0.1401"
"3146","Higgins","1","1.0000"
"3147","Higgins","2","0.5270"
"3147","Chisholm","2","0.4730"
"3148","Chisholm","1","1.0000"
"3149","Chisholm","1","1.0000"
"3150","Bruce","1","1.0000"
"3151","Chisholm","1","1.0000"
"3152","Aston","1","1.0000"
"3153","Aston","3","0.5484"
"3153","Deakin","3","0.2619"
"3153","Casey","3","0.1897"
"3154","La Trobe","1","1.0000"
"3155","Aston","2","0.8107"
"3155","La Trobe","2","0.1893"
"3156","Holt","3","0.0854"
"3156","La Trobe","3","0.4750"
"3156","Aston","3","0.4396"
"3158","La Trobe","1","1.0000"
"3159","La Trobe","1","1.0000"
"3160","La Trobe","1","1.0000"
"3161","Melbourne Ports","1","1.0000"
"3162","Goldstein","2","0.6900"
"3162","Melbourne Ports","2","0.3100"
"3163","Higgins","4","0.6389"
"3163","Hotham","4","0.2372"
"3163","Goldstein","4","0.0970"
"3163","Melbourne Ports","4","0.0269"
"3165","Hotham","1","1.0000"
"3166","Chisholm","3","0.6554"
"3166","Hotham","3","0.2620"
"3166","Higgins","3","0.0826"
"3167","Hotham","2","0.9581"
"3167","Chisholm","2","0.0419"
"3168","Chisholm","3","0.6161"
"3168","Bruce","3","0.2626"
"3168","Hotham","3","0.1212"
"3169","Hotham","2","0.9508"
"3169","Chisholm","2","0.0492"
"3170","Bruce","1","1.0000"
"3171","Bruce","2","0.6829"
"3171","Hotham","2","0.3171"
"3172","Hotham","1","1.0000"
"3173","Isaacs","2","0.9173"
"3173","Hotham","2","0.0827"
"3174","Bruce","3","0.6026"
"3174","Isaacs","3","0.2792"
"3174","Hotham","3","0.1182"
"3175","Bruce","2","0.2369"
"3175","Isaacs","2","0.7631"
"3177","Holt","1","1.0000"
"3178","Aston","1","1.0000"
"3179","Aston","1","1.0000"
"3180","Aston","1","1.0000"
"3181","Higgins","2","0.9734"
"3181","Melbourne Ports","2","0.0266"
"3182","Melbourne Ports","1","1.0000"
"3183","Melbourne Ports","1","1.0000"
"3184","Melbourne Ports","1","1.0000"
"3185","Melbourne Ports","2","0.4895"
"3185","Goldstein","2","0.5105"
"3186","Goldstein","1","1.0000"
"3187","Goldstein","1","1.0000"
"3188","Goldstein","1","1.0000"
"3189","Hotham","1","1.0000"
"3190","Goldstein","2","0.5751"
"3190","Hotham","2","0.4249"
"3191","Goldstein","1","1.0000"
"3192","Hotham","2","0.6792"
"3192","Goldstein","2","0.3208"
"3193","Goldstein","1","1.0000"
"3194","Hotham","2","0.5080"
"3194","Isaacs","2","0.4920"
"3195","Isaacs","1","1.0000"
"3196","Isaacs","1","1.0000"
"3197","Isaacs","1","1.0000"
"3198","Dunkley","1","1.0000"
"3199","Dunkley","1","1.0000"
"3200","Dunkley","1","1.0000"
"3201","Isaacs","2","0.9338"
"3201","Dunkley","2","0.0662"
"3202","Hotham","1","1.0000"
"3204","Goldstein","2","0.9518"
"3204","Higgins","2","0.0482"
"3205","Melbourne Ports","1","1.0000"
"3206","Melbourne Ports","1","1.0000"
"3207","Melbourne Ports","1","1.0000"
"3211","Corio","2","0.6259"
"3211","Lalor","2","0.3741"
"3212","Corio","1","1.0000"
"3213","Corio","2","0.9054"
"3213","Corangamite","2","0.0946"
"3214","Corio","1","1.0000"
"3215","Corio","1","1.0000"
"3216","Corangamite","1","1.0000"
"3217","Corangamite","1","1.0000"
"3218","Corangamite","2","0.8843"
"3218","Corio","2","0.1157"
"3219","Corio","1","1.0000"
"3220","Corio","1","1.0000"
"3221","Corangamite","1","1.0000"
"3222","Corio","2","0.7798"
"3222","Corangamite","2","0.2202"
"3223","Corio","1","1.0000"
"3224","Corio","1","1.0000"
"3225","Corangamite","2","0.5546"
"3225","Corio","2","0.4454"
"3226","Corangamite","1","1.0000"
"3227","Corangamite","1","1.0000"
"3228","Corangamite","1","1.0000"
"3230","Corangamite","1","1.0000"
"3231","Corangamite","1","1.0000"
"3232","Corangamite","1","1.0000"
"3233","Corangamite","1","1.0000"
"3234","Corangamite","1","1.0000"
"3235","Corangamite","1","1.0000"
"3236","Corangamite","1","1.0000"
"3237","Corangamite","2","0.8575"
"3237","Wannon","2","0.1425"
"3238","Corangamite","1","1.0000"
"3239","Corangamite","2","0.9133"
"3239","Wannon","2","0.0867"
"3240","Corangamite","1","1.0000"
"3241","Corangamite","1","1.0000"
"3242","Corangamite","1","1.0000"
"3243","Corangamite","1","1.0000"
"3249","Corangamite","2","0.8592"
"3249","Wannon","2","0.1408"
"3250","Corangamite","1","1.0000"
"3251","Corangamite","2","0.9093"
"3251","Wannon","2","0.0907"
"3254","Corangamite","1","1.0000"
"3260","Wannon","2","0.9450"
"3260","Corangamite","2","0.0550"
"3264","Wannon","1","1.0000"
"3265","Wannon","1","1.0000"
"3266","Wannon","2","0.9691"
"3266","Corangamite","2","0.0309"
"3267","Wannon","1","1.0000"
"3268","Wannon","1","1.0000"
"3269","Wannon","1","1.0000"
"3270","Wannon","1","1.0000"
"3271","Wannon","1","1.0000"
"3272","Wannon","1","1.0000"
"3273","Wannon","1","1.0000"
"3274","Wannon","1","1.0000"
"3275","Wannon","1","1.0000"
"3276","Wannon","1","1.0000"
"3277","Wannon","1","1.0000"
"3278","Wannon","1","1.0000"
"3279","Wannon","1","1.0000"
"3280","Wannon","1","1.0000"
"3281","Wannon","1","1.0000"
"3282","Wannon","1","1.0000"
"3283","Wannon","1","1.0000"
"3284","Wannon","1","1.0000"
"3285","Wannon","1","1.0000"
"3286","Wannon","1","1.0000"
"3287","Wannon","1","1.0000"
"3289","Wannon","1","1.0000"
"3292","Wannon","1","1.0000"
"3293","Wannon","1","1.0000"
"3294","Wannon","1","1.0000"
"3300","Wannon","1","1.0000"
"3301","Wannon","1","1.0000"
"3302","Wannon","1","1.0000"
"3303","Wannon","1","1.0000"
"3304","Wannon","1","1.0000"
"3305","Wannon","1","1.0000"
"3309","Wannon","1","1.0000"
"3310","Wannon","1","1.0000"
"3311","Wannon","1","1.0000"
"3312","Wannon","2","0.6511"
"3312","Mallee","2","0.3489"
"3314","Wannon","1","1.0000"
"3315","Wannon","1","1.0000"
"3317","Wannon","2","0.2618"
"3317","Mallee","2","0.7382"
"3318","Mallee","1","1.0000"
"3319","Mallee","1","1.0000"
"3321","Corangamite","1","1.0000"
"3322","Corangamite","2","0.8091"
"3322","Wannon","2","0.1909"
"3323","Wannon","2","0.9601"
"3323","Corangamite","2","0.0399"
"3324","Wannon","1","1.0000"
"3325","Wannon","1","1.0000"
"3328","Corangamite","1","1.0000"
"3329","Corangamite","1","1.0000"
"3330","Corangamite","1","1.0000"
"3331","Corangamite","1","1.0000"
"3332","Corangamite","1","1.0000"
"3333","Corangamite","1","1.0000"
"3334","Ballarat","1","1.0000"
"3335","Gorton","1","1.0000"
"3337","Gorton","1","1.0000"
"3338","Gorton","2","0.7430"
"3338","Lalor","2","0.2570"
"3340","Ballarat","3","0.7600"
"3340","Corio","3","0.1948"
"3340","Gorton","3","0.0452"
"3341","Ballarat","1","1.0000"
"3342","Ballarat","2","0.9605"
"3342","Corangamite","2","0.0395"
"3345","Ballarat","1","1.0000"
"3350","Ballarat","1","1.0000"
"3351","Wannon","3","0.6715"
"3351","Corangamite","3","0.2381"
"3351","Ballarat","3","0.0904"
"3352","Ballarat","3","0.5972"
"3352","Wannon","3","0.2496"
"3352","Corangamite","3","0.1532"
"3355","Ballarat","1","1.0000"
"3356","Ballarat","1","1.0000"
"3357","Ballarat","1","1.0000"
"3360","Corangamite","2","0.8952"
"3360","Wannon","2","0.1048"
"3361","Wannon","1","1.0000"
"3363","Ballarat","1","1.0000"
"3364","Bendigo","3","0.1536"
"3364","Wannon","3","0.0737"
"3364","Ballarat","3","0.7727"
"3370","Ballarat","2","0.8165"
"3370","Wannon","2","0.1835"
"3371","Wannon","2","0.8921"
"3371","Ballarat","2","0.1079"
"3373","Wannon","1","1.0000"
"3374","Mallee","2","0.7336"
"3374","Wannon","2","0.2664"
"3375","Wannon","1","1.0000"
"3377","Wannon","2","0.8911"
"3377","Mallee","2","0.1089"
"3378","Wannon","1","1.0000"
"3379","Wannon","1","1.0000"
"3380","Mallee","1","1.0000"
"3381","Mallee","2","0.7696"
"3381","Wannon","2","0.2304"
"3384","Mallee","2","0.6400"
"3384","Wannon","2","0.3600"
"3385","Mallee","1","1.0000"
"3387","Mallee","1","1.0000"
"3388","Mallee","1","1.0000"
"3390","Mallee","1","1.0000"
"3391","Mallee","1","1.0000"
"3392","Mallee","1","1.0000"
"3393","Mallee","1","1.0000"
"3395","Mallee","1","1.0000"
"3396","Mallee","1","1.0000"
"3400","Mallee","1","1.0000"
"3401","Mallee","2","0.9437"
"3401","Wannon","2","0.0563"
"3407","Wannon","1","1.0000"
"3409","Mallee","1","1.0000"
"3412","Mallee","1","1.0000"
"3413","Mallee","1","1.0000"
"3414","Mallee","1","1.0000"
"3415","Mallee","1","1.0000"
"3418","Mallee","1","1.0000"
"3419","Mallee","1","1.0000"
"3420","Mallee","1","1.0000"
"3423","Mallee","1","1.0000"
"3424","Mallee","1","1.0000"
"3427","Gorton","2","0.7661"
"3427","McEwen","2","0.2339"
"3428","McEwen","1","1.0000"
"3429","McEwen","1","1.0000"
"3430","McEwen","1","1.0000"
"3431","McEwen","1","1.0000"
"3432","McEwen","1","1.0000"
"3433","McEwen","1","1.0000"
"3434","McEwen","1","1.0000"
"3435","McEwen","2","0.9096"
"3435","Bendigo","2","0.0904"
"3437","McEwen","1","1.0000"
"3438","McEwen","1","1.0000"
"3440","Bendigo","1","1.0000"
"3441","Bendigo","1","1.0000"
"3442","Bendigo","2","0.8855"
"3442","McEwen","2","0.1145"
"3444","Bendigo","2","0.9684"
"3444","Ballarat","2","0.0316"
"3446","Bendigo","2","0.5297"
"3446","Ballarat","2","0.4703"
"3447","Ballarat","2","0.0255"
"3447","Bendigo","2","0.9745"
"3448","Bendigo","1","1.0000"
"3450","Bendigo","1","1.0000"
"3451","Bendigo","2","0.8747"
"3451","Ballarat","2","0.1253"
"3453","Bendigo","1","1.0000"
"3458","Ballarat","2","0.8971"
"3458","Bendigo","2","0.1029"
"3460","Ballarat","1","1.0000"
"3461","Bendigo","2","0.0520"
"3461","Ballarat","2","0.9480"
"3462","Bendigo","1","1.0000"
"3463","Bendigo","1","1.0000"
"3464","Wannon","2","0.8950"
"3464","Bendigo","2","0.1050"
"3465","Wannon","2","0.9598"
"3465","Mallee","2","0.0402"
"3467","Wannon","1","1.0000"
"3468","Wannon","1","1.0000"
"3469","Wannon","1","1.0000"
"3472","Bendigo","3","0.1491"
"3472","Murray","3","0.0784"
"3472","Wannon","3","0.7725"
"3475","Murray","3","0.4343"
"3475","Wannon","3","0.3201"
"3475","Mallee","3","0.2455"
"3477","Mallee","2","0.9692"
"3477","Wannon","2","0.0308"
"3478","Wannon","2","0.6098"
"3478","Mallee","2","0.3902"
"3480","Mallee","1","1.0000"
"3482","Mallee","1","1.0000"
"3483","Mallee","1","1.0000"
"3485","Mallee","1","1.0000"
"3487","Mallee","1","1.0000"
"3488","Mallee","1","1.0000"
"3489","Mallee","1","1.0000"
"3490","Mallee","1","1.0000"
"3491","Mallee","1","1.0000"
"3494","Mallee","1","1.0000"
"3496","Mallee","1","1.0000"
"3498","Mallee","1","1.0000"
"3500","Mallee","1","1.0000"
"3501","Mallee","1","1.0000"
"3505","Mallee","1","1.0000"
"3506","Mallee","1","1.0000"
"3507","Mallee","1","1.0000"
"3509","Mallee","1","1.0000"
"3512","Mallee","1","1.0000"
"3515","Bendigo","1","1.0000"
"3516","Murray","2","0.8886"
"3516","Bendigo","2","0.1114"
"3517","Murray","1","1.0000"
"3518","Murray","2","0.9552"
"3518","Mallee","2","0.0448"
"3520","Murray","1","1.0000"
"3521","McEwen","1","1.0000"
"3522","McEwen","2","0.8588"
"3522","Bendigo","2","0.1412"
"3523","Bendigo","2","0.7218"
"3523","Murray","2","0.2782"
"3525","Mallee","2","0.6754"
"3525","Murray","2","0.3246"
"3527","Mallee","1","1.0000"
"3529","Mallee","1","1.0000"
"3530","Mallee","1","1.0000"
"3531","Mallee","1","1.0000"
"3533","Mallee","1","1.0000"
"3537","Murray","2","0.9785"
"3537","Mallee","2","0.0215"
"3540","Mallee","1","1.0000"
"3542","Mallee","1","1.0000"
"3544","Mallee","1","1.0000"
"3546","Mallee","1","1.0000"
"3549","Mallee","1","1.0000"
"3550","Bendigo","1","1.0000"
"3551","Bendigo","2","0.8221"
"3551","Murray","2","0.1779"
"3555","Bendigo","1","1.0000"
"3556","Bendigo","2","0.7287"
"3556","Murray","2","0.2713"
"3557","Bendigo","2","0.6723"
"3557","Murray","2","0.3277"
"3558","Bendigo","2","0.5615"
"3558","Murray","2","0.4385"
"3559","Murray","2","0.8756"
"3559","Bendigo","2","0.1244"
"3561","Murray","1","1.0000"
"3562","Murray","1","1.0000"
"3563","Murray","1","1.0000"
"3564","Murray","1","1.0000"
"3565","Murray","1","1.0000"
"3566","Murray","1","1.0000"
"3567","Mallee","2","0.7064"
"3567","Murray","2","0.2936"
"3568","Mallee","1","1.0000"
"3570","Bendigo","2","0.6078"
"3570","Murray","2","0.3922"
"3571","Murray","1","1.0000"
"3572","Murray","1","1.0000"
"3573","Murray","1","1.0000"
"3575","Murray","1","1.0000"
"3576","Murray","1","1.0000"
"3579","Mallee","2","0.9548"
"3579","Murray","2","0.0452"
"3580","Mallee","1","1.0000"
"3581","Mallee","1","1.0000"
"3583","Mallee","1","1.0000"
"3584","Mallee","1","1.0000"
"3585","Mallee","1","1.0000"
"3586","Mallee","1","1.0000"
"3588","Mallee","1","1.0000"
"3589","Mallee","1","1.0000"
"3590","Mallee","1","1.0000"
"3591","Mallee","1","1.0000"
"3594","Mallee","1","1.0000"
"3595","Mallee","1","1.0000"
"3596","Mallee","1","1.0000"
"3597","Mallee","1","1.0000"
"3599","Mallee","1","1.0000"
"3607","Murray","1","1.0000"
"3608","Murray","1","1.0000"
"3610","Murray","1","1.0000"
"3612","Murray","1","1.0000"
"3614","Murray","1","1.0000"
"3616","Murray","1","1.0000"
"3617","Murray","1","1.0000"
"3618","Murray","1","1.0000"
"3620","Murray","1","1.0000"
"3621","Murray","1","1.0000"
"3622","Murray","1","1.0000"
"3623","Murray","1","1.0000"
"3624","Murray","1","1.0000"
"3629","Murray","1","1.0000"
"3630","Murray","1","1.0000"
"3631","Murray","1","1.0000"
"3633","Murray","1","1.0000"
"3634","Murray","1","1.0000"
"3635","Murray","1","1.0000"
"3636","Murray","1","1.0000"
"3637","Murray","1","1.0000"
"3638","Murray","1","1.0000"
"3639","Murray","1","1.0000"
"3640","Murray","1","1.0000"
"3641","Murray","1","1.0000"
"3644","Murray","2","0.5583"
"3644","Farrer","2","0.4417"
"3646","Murray","2","0.6036"
"3646","Indi","2","0.3964"
"3647","Murray","1","1.0000"
"3649","Murray","1","1.0000"
"3658","McEwen","2","0.7664"
"3658","Indi","2","0.2336"
"3659","McEwen","1","1.0000"
"3660","McEwen","2","0.6756"
"3660","Indi","2","0.3244"
"3662","McEwen","1","1.0000"
"3663","Murray","2","0.7160"
"3663","McEwen","2","0.2840"
"3664","McEwen","2","0.2382"
"3664","Murray","2","0.7618"
"3665","Murray","1","1.0000"
"3666","Murray","2","0.9681"
"3666","McEwen","2","0.0319"
"3669","Murray","2","0.8363"
"3669","Indi","2","0.1637"
"3670","Indi","2","0.8784"
"3670","Murray","2","0.1216"
"3672","Indi","1","1.0000"
"3673","Indi","1","1.0000"
"3675","Indi","1","1.0000"
"3677","Indi","1","1.0000"
"3678","Indi","1","1.0000"
"3682","Indi","1","1.0000"
"3683","Indi","1","1.0000"
"3685","Indi","1","1.0000"
"3687","Indi","1","1.0000"
"3688","Indi","1","1.0000"
"3690","Indi","1","1.0000"
"3691","Indi","1","1.0000"
"3694","Indi","1","1.0000"
"3695","Indi","1","1.0000"
"3697","Indi","1","1.0000"
"3698","Indi","1","1.0000"
"3699","Indi","2","0.5680"
"3699","Gippsland","2","0.4320"
"3700","Indi","1","1.0000"
"3701","Indi","2","0.9200"
"3701","Gippsland","2","0.0800"
"3704","Indi","1","1.0000"
"3705","Indi","1","1.0000"
"3707","Gippsland","3","0.1563"
"3707","Eden-Monaro","3","0.0343"
"3707","Indi","3","0.8094"
"3708","Indi","1","1.0000"
"3709","Indi","1","1.0000"
"3711","Indi","1","1.0000"
"3712","Indi","1","1.0000"
"3713","Indi","1","1.0000"
"3714","Indi","1","1.0000"
"3715","Indi","1","1.0000"
"3717","Indi","1","1.0000"
"3718","Indi","1","1.0000"
"3719","Indi","1","1.0000"
"3720","Indi","1","1.0000"
"3722","Indi","1","1.0000"
"3723","Indi","1","1.0000"
"3725","Indi","2","0.8281"
"3725","Murray","2","0.1719"
"3726","Indi","1","1.0000"
"3727","Indi","1","1.0000"
"3728","Indi","2","0.8212"
"3728","Murray","2","0.1788"
"3730","Murray","2","0.9154"
"3730","Indi","2","0.0846"
"3732","Indi","1","1.0000"
"3733","Indi","1","1.0000"
"3735","Indi","1","1.0000"
"3737","Indi","1","1.0000"
"3738","Indi","1","1.0000"
"3739","Indi","1","1.0000"
"3740","Indi","1","1.0000"
"3741","Indi","1","1.0000"
"3744","Indi","1","1.0000"
"3746","Indi","1","1.0000"
"3747","Indi","1","1.0000"
"3749","Indi","1","1.0000"
"3750","McEwen","2","0.7550"
"3750","Scullin","2","0.2450"
"3751","McEwen","1","1.0000"
"3752","McEwen","2","0.5218"
"3752","Scullin","2","0.4782"
"3753","McEwen","1","1.0000"
"3754","McEwen","1","1.0000"
"3755","McEwen","1","1.0000"
"3756","McEwen","1","1.0000"
"3757","McEwen","2","0.6778"
"3757","Indi","2","0.3222"
"3758","McEwen","1","1.0000"
"3759","McEwen","1","1.0000"
"3760","McEwen","1","1.0000"
"3761","McEwen","1","1.0000"
"3762","McEwen","1","1.0000"
"3763","Indi","2","0.6703"
"3763","McEwen","2","0.3297"
"3764","McEwen","1","1.0000"
"3765","Casey","2","0.9331"
"3765","La Trobe","2","0.0669"
"3766","Casey","1","1.0000"
"3767","La Trobe","2","0.7554"
"3767","Casey","2","0.2446"
"3770","Casey","1","1.0000"
"3775","Casey","2","0.7125"
"3775","McEwen","2","0.2875"
"3777","Casey","2","0.5960"
"3777","Indi","2","0.4040"
"3778","Indi","2","0.7028"
"3778","Casey","2","0.2972"
"3779","Casey","2","0.6633"
"3779","Indi","2","0.3367"
"3781","La Trobe","1","1.0000"
"3782","La Trobe","1","1.0000"
"3783","Mcmillan","2","0.6366"
"3783","La Trobe","2","0.3634"
"3785","La Trobe","1","1.0000"
"3786","La Trobe","1","1.0000"
"3787","La Trobe","1","1.0000"
"3788","Casey","2","0.7753"
"3788","La Trobe","2","0.2247"
"3789","La Trobe","2","0.8710"
"3789","Casey","2","0.1290"
"3791","Casey","2","0.6181"
"3791","La Trobe","2","0.3819"
"3792","Casey","1","1.0000"
"3793","Casey","1","1.0000"
"3795","Casey","1","1.0000"
"3796","Casey","1","1.0000"
"3797","Casey","1","1.0000"
"3799","Casey","1","1.0000"
"3800","Chisholm","1","1.0000"
"3802","Holt","1","1.0000"
"3803","Holt","1","1.0000"
"3804","La Trobe","2","0.6500"
"3804","Holt","2","0.3500"
"3805","Holt","2","0.5334"
"3805","La Trobe","2","0.4666"
"3806","La Trobe","1","1.0000"
"3807","La Trobe","1","1.0000"
"3808","La Trobe","1","1.0000"
"3809","La Trobe","2","0.9780"
"3809","Mcmillan","2","0.0220"
"3810","Mcmillan","2","0.9151"
"3810","La Trobe","2","0.0849"
"3812","Mcmillan","1","1.0000"
"3813","Mcmillan","1","1.0000"
"3814","Mcmillan","1","1.0000"
"3815","Mcmillan","1","1.0000"
"3816","Mcmillan","1","1.0000"
"3818","Mcmillan","1","1.0000"
"3820","Mcmillan","1","1.0000"
"3821","Mcmillan","1","1.0000"
"3822","Mcmillan","1","1.0000"
"3823","Mcmillan","1","1.0000"
"3824","Mcmillan","2","0.9724"
"3824","Gippsland","2","0.0276"
"3825","Mcmillan","2","0.8937"
"3825","Gippsland","2","0.1063"
"3831","Mcmillan","1","1.0000"
"3832","Mcmillan","1","1.0000"
"3833","Mcmillan","2","0.9105"
"3833","Casey","2","0.0895"
"3835","Mcmillan","1","1.0000"
"3840","Gippsland","1","1.0000"
"3842","Gippsland","1","1.0000"
"3844","Gippsland","1","1.0000"
"3847","Gippsland","1","1.0000"
"3850","Gippsland","1","1.0000"
"3851","Gippsland","1","1.0000"
"3852","Gippsland","1","1.0000"
"3854","Mcmillan","2","0.0425"
"3854","Gippsland","2","0.9575"
"3856","Gippsland","2","0.5663"
"3856","Mcmillan","2","0.4337"
"3857","Gippsland","1","1.0000"
"3858","Gippsland","2","0.9684"
"3858","Indi","2","0.0316"
"3859","Gippsland","1","1.0000"
"3860","Gippsland","1","1.0000"
"3862","Gippsland","2","0.8359"
"3862","Indi","2","0.1641"
"3864","Gippsland","1","1.0000"
"3865","Gippsland","1","1.0000"
"3869","Gippsland","1","1.0000"
"3870","Gippsland","1","1.0000"
"3871","Mcmillan","2","0.8699"
"3871","Gippsland","2","0.1301"
"3873","Gippsland","1","1.0000"
"3874","Gippsland","1","1.0000"
"3875","Gippsland","1","1.0000"
"3878","Gippsland","1","1.0000"
"3880","Gippsland","1","1.0000"
"3882","Gippsland","1","1.0000"
"3885","Gippsland","1","1.0000"
"3886","Gippsland","1","1.0000"
"3887","Gippsland","1","1.0000"
"3888","Gippsland","1","1.0000"
"3889","Gippsland","1","1.0000"
"3890","Gippsland","1","1.0000"
"3891","Gippsland","1","1.0000"
"3892","Gippsland","1","1.0000"
"3893","Gippsland","1","1.0000"
"3895","Gippsland","1","1.0000"
"3896","Gippsland","1","1.0000"
"3898","Gippsland","2","0.9245"
"3898","Indi","2","0.0755"
"3900","Gippsland","1","1.0000"
"3902","Gippsland","1","1.0000"
"3903","Gippsland","1","1.0000"
"3904","Gippsland","1","1.0000"
"3909","Gippsland","1","1.0000"
"3910","Dunkley","1","1.0000"
"3911","Flinders","2","0.4253"
"3911","Dunkley","2","0.5747"
"3912","Flinders","1","1.0000"
"3913","Flinders","1","1.0000"
"3915","Flinders","1","1.0000"
"3916","Flinders","1","1.0000"
"3918","Flinders","1","1.0000"
"3919","Flinders","1","1.0000"
"3920","Flinders","1","1.0000"
"3921","Flinders","1","1.0000"
"3922","Flinders","1","1.0000"
"3923","Flinders","1","1.0000"
"3925","Flinders","1","1.0000"
"3926","Flinders","1","1.0000"
"3927","Flinders","1","1.0000"
"3928","Flinders","1","1.0000"
"3929","Flinders","1","1.0000"
"3930","Dunkley","1","1.0000"
"3931","Dunkley","1","1.0000"
"3933","Flinders","1","1.0000"
"3934","Flinders","1","1.0000"
"3936","Flinders","1","1.0000"
"3937","Flinders","1","1.0000"
"3938","Flinders","1","1.0000"
"3939","Flinders","1","1.0000"
"3940","Flinders","1","1.0000"
"3941","Flinders","1","1.0000"
"3942","Flinders","1","1.0000"
"3943","Flinders","1","1.0000"
"3944","Flinders","1","1.0000"
"3945","Flinders","2","0.5985"
"3945","Mcmillan","2","0.4015"
"3946","Mcmillan","1","1.0000"
"3950","Mcmillan","1","1.0000"
"3951","Mcmillan","1","1.0000"
"3953","Mcmillan","1","1.0000"
"3954","Mcmillan","1","1.0000"
"3956","Mcmillan","1","1.0000"
"3957","Mcmillan","1","1.0000"
"3958","Mcmillan","1","1.0000"
"3959","Mcmillan","1","1.0000"
"3960","Mcmillan","1","1.0000"
"3962","Mcmillan","2","0.7445"
"3962","Gippsland","2","0.2555"
"3964","Mcmillan","1","1.0000"
"3965","Mcmillan","1","1.0000"
"3966","Mcmillan","2","0.6254"
"3966","Gippsland","2","0.3746"
"3967","Gippsland","2","0.6113"
"3967","Mcmillan","2","0.3887"
"3971","Gippsland","1","1.0000"
"3975","Holt","2","0.5498"
"3975","Isaacs","2","0.4502"
"3976","Holt","1","1.0000"
"3977","Holt","4","0.3357"
"3977","Isaacs","4","0.1162"
"3977","Dunkley","4","0.0226"
"3977","Flinders","4","0.5255"
"3978","La Trobe","3","0.5407"
"3978","Flinders","3","0.4238"
"3978","Holt","3","0.0356"
"3979","Flinders","2","0.9421"
"3979","Mcmillan","2","0.0579"
"3980","Flinders","1","1.0000"
"3981","Mcmillan","2","0.0505"
"3981","Flinders","2","0.9495"
"3984","Flinders","1","1.0000"
"3987","Mcmillan","2","0.8782"
"3987","Flinders","2","0.1218"
"3988","Mcmillan","1","1.0000"
"3990","Flinders","1","1.0000"
"3991","Flinders","1","1.0000"
"3992","Flinders","2","0.7803"
"3992","Mcmillan","2","0.2197"
"3995","Mcmillan","2","0.6863"
"3995","Flinders","2","0.3137"
"3996","Mcmillan","1","1.0000"
"4000","Brisbane","1","1.0000"
"4005","Brisbane","1","1.0000"
"4006","Brisbane","1","1.0000"
"4007","Brisbane","1","1.0000"
"4008","Lilley","1","1.0000"
"4009","Lilley","2","0.6264"
"4009","Brisbane","2","0.3736"
"4010","Brisbane","1","1.0000"
"4011","Brisbane","1","1.0000"
"4012","Brisbane","2","0.0270"
"4012","Lilley","2","0.9730"
"4013","Lilley","1","1.0000"
"4014","Lilley","1","1.0000"
"4017","Lilley","2","0.6259"
"4017","Petrie","2","0.3741"
"4018","Petrie","2","0.5179"
"4018","Lilley","2","0.4821"
"4019","Petrie","1","1.0000"
"4020","Petrie","1","1.0000"
"4021","Petrie","1","1.0000"
"4022","Petrie","1","1.0000"
"4025","Bonner","1","1.0000"
"4029","Brisbane","1","1.0000"
"4030","Brisbane","1","1.0000"
"4031","Lilley","2","0.7211"
"4031","Brisbane","2","0.2789"
"4032","Lilley","1","1.0000"
"4034","Lilley","2","0.7687"
"4034","Petrie","2","0.2313"
"4035","Lilley","3","0.1951"
"4035","Dickson","3","0.5070"
"4035","Petrie","3","0.2979"
"4036","Petrie","1","1.0000"
"4037","Dickson","1","1.0000"
"4051","Brisbane","2","0.5802"
"4051","Ryan","2","0.4198"
"4053","Lilley","4","0.5718"
"4053","Ryan","4","0.1898"
"4053","Dickson","4","0.1490"
"4053","Brisbane","4","0.0895"
"4054","Ryan","2","0.5830"
"4054","Dickson","2","0.4170"
"4055","Dickson","2","0.6521"
"4055","Ryan","2","0.3479"
"4059","Brisbane","1","1.0000"
"4060","Brisbane","2","0.7032"
"4060","Ryan","2","0.2968"
"4061","Ryan","1","1.0000"
"4064","Brisbane","2","0.9489"
"4064","Ryan","2","0.0511"
"4065","Ryan","2","0.8333"
"4065","Brisbane","2","0.1667"
"4066","Ryan","1","1.0000"
"4067","Ryan","1","1.0000"
"4068","Ryan","2","0.8622"
"4068","Moreton","2","0.1378"
"4069","Ryan","1","1.0000"
"4070","Ryan","1","1.0000"
"4072","Ryan","1","1.0000"
"4073","Oxley","1","1.0000"
"4074","Oxley","1","1.0000"
"4075","Moreton","1","1.0000"
"4076","Oxley","1","1.0000"
"4077","Oxley","1","1.0000"
"4078","Oxley","1","1.0000"
"4101","Griffith","1","1.0000"
"4102","Griffith","1","1.0000"
"4103","Moreton","2","0.6848"
"4103","Griffith","2","0.3152"
"4104","Moreton","1","1.0000"
"4105","Moreton","1","1.0000"
"4106","Moreton","1","1.0000"
"4107","Moreton","1","1.0000"
"4108","Moreton","1","1.0000"
"4109","Moreton","1","1.0000"
"4110","Oxley","2","0.5160"
"4110","Moreton","2","0.4840"
"4111","Moreton","1","1.0000"
"4112","Moreton","1","1.0000"
"4113","Moreton","2","0.8868"
"4113","Bonner","2","0.1132"
"4114","Rankin","1","1.0000"
"4115","Rankin","1","1.0000"
"4116","Rankin","1","1.0000"
"4117","Rankin","1","1.0000"
"4118","Rankin","3","0.7203"
"4118","Wright","3","0.2518"
"4118","Forde","3","0.0280"
"4119","Rankin","1","1.0000"
"4120","Griffith","1","1.0000"
"4121","Griffith","3","0.4860"
"4121","Moreton","3","0.3384"
"4121","Bonner","3","0.1757"
"4122","Bonner","2","0.9364"
"4122","Griffith","2","0.0636"
"4123","Bonner","2","0.7126"
"4123","Rankin","2","0.2874"
"4124","Wright","3","0.8435"
"4124","Blair","3","0.0855"
"4124","Forde","3","0.0710"
"4125","Forde","2","0.8291"
"4125","Wright","2","0.1709"
"4127","Rankin","1","1.0000"
"4128","Forde","1","1.0000"
"4129","Forde","1","1.0000"
"4130","Forde","1","1.0000"
"4131","Forde","2","0.6113"
"4131","Rankin","2","0.3887"
"4132","Rankin","1","1.0000"
"4133","Forde","1","1.0000"
"4151","Griffith","1","1.0000"
"4152","Bonner","2","0.5355"
"4152","Griffith","2","0.4645"
"4153","Bonner","1","1.0000"
"4154","Bonner","1","1.0000"
"4155","Bonner","1","1.0000"
"4156","Bonner","1","1.0000"
"4157","Bowman","1","1.0000"
"4158","Bowman","1","1.0000"
"4159","Bowman","1","1.0000"
"4160","Bowman","1","1.0000"
"4161","Bowman","1","1.0000"
"4163","Bowman","1","1.0000"
"4164","Bowman","1","1.0000"
"4165","Bowman","1","1.0000"
"4169","Griffith","1","1.0000"
"4170","Bonner","2","0.1415"
"4170","Griffith","2","0.8585"
"4171","Griffith","1","1.0000"
"4172","Bonner","2","0.7403"
"4172","Griffith","2","0.2597"
"4173","Bonner","1","1.0000"
"4174","Bonner","1","1.0000"
"4178","Bonner","1","1.0000"
"4179","Bonner","1","1.0000"
"4183","Bowman","1","1.0000"
"4184","Bowman","1","1.0000"
"4205","Forde","1","1.0000"
"4207","Forde","3","0.4763"
"4207","Wright","3","0.2639"
"4207","Fadden","3","0.2598"
"4208","Fadden","2","0.7475"
"4208","Forde","2","0.2525"
"4209","Fadden","2","0.6177"
"4209","Forde","2","0.3823"
"4210","Wright","3","0.5680"
"4210","Forde","3","0.3159"
"4210","Fadden","3","0.1161"
"4211","Wright","3","0.8970"
"4211","Moncrieff","3","0.0678"
"4211","Fadden","3","0.0352"
"4212","Fadden","1","1.0000"
"4213","Wright","2","0.8573"
"4213","Mcpherson","2","0.1427"
"4214","Fadden","2","0.7771"
"4214","Moncrieff","2","0.2229"
"4215","Moncrieff","2","0.7255"
"4215","Fadden","2","0.2745"
"4216","Fadden","1","1.0000"
"4217","Moncrieff","1","1.0000"
"4218","Moncrieff","1","1.0000"
"4220","Mcpherson","2","0.8532"
"4220","Moncrieff","2","0.1468"
"4221","Mcpherson","1","1.0000"
"4222","Moncrieff","1","1.0000"
"4223","Mcpherson","1","1.0000"
"4224","Mcpherson","1","1.0000"
"4225","Mcpherson","1","1.0000"
"4226","Moncrieff","2","0.0838"
"4226","Mcpherson","2","0.9162"
"4227","Mcpherson","1","1.0000"
"4228","Mcpherson","1","1.0000"
"4229","Mcpherson","1","1.0000"
"4230","Mcpherson","1","1.0000"
"4270","Wright","1","1.0000"
"4271","Wright","1","1.0000"
"4272","Wright","1","1.0000"
"4275","Wright","1","1.0000"
"4280","Wright","2","0.9713"
"4280","Forde","2","0.0287"
"4285","Wright","1","1.0000"
"4287","Wright","1","1.0000"
"4300","Oxley","2","0.8337"
"4300","Blair","2","0.1663"
"4301","Blair","2","0.5926"
"4301","Oxley","2","0.4074"
"4303","Blair","1","1.0000"
"4304","Blair","1","1.0000"
"4305","Blair","2","0.8138"
"4305","Wright","2","0.1862"
"4306","Maranoa","4","0.1685"
"4306","Ryan","4","0.0646"
"4306","Wright","4","0.0297"
"4306","Blair","4","0.7373"
"4307","Wright","2","0.9191"
"4307","Blair","2","0.0809"
"4309","Wright","1","1.0000"
"4310","Wright","1","1.0000"
"4311","Blair","2","0.8368"
"4311","Wright","2","0.1632"
"4312","Blair","1","1.0000"
"4313","Blair","1","1.0000"
"4340","Blair","2","0.6049"
"4340","Wright","2","0.3951"
"4341","Wright","1","1.0000"
"4342","Wright","2","0.9725"
"4342","Blair","2","0.0275"
"4343","Wright","1","1.0000"
"4344","Wright","1","1.0000"
"4345","Wright","1","1.0000"
"4346","Blair","1","1.0000"
"4347","Wright","1","1.0000"
"4350","Groom","1","1.0000"
"4352","Maranoa","3","0.7051"
"4352","Groom","3","0.2337"
"4352","Wright","3","0.0612"
"4353","Maranoa","2","0.6135"
"4353","Groom","2","0.3865"
"4354","Groom","2","0.9497"
"4354","Maranoa","2","0.0503"
"4355","Maranoa","1","1.0000"
"4356","Groom","1","1.0000"
"4357","Maranoa","1","1.0000"
"4358","Groom","2","0.7765"
"4358","Maranoa","2","0.2235"
"4359","Groom","2","0.9172"
"4359","Wright","2","0.0828"
"4360","Groom","2","0.6339"
"4360","Maranoa","2","0.3661"
"4361","Maranoa","1","1.0000"
"4362","Maranoa","1","1.0000"
"4363","Groom","1","1.0000"
"4364","Groom","1","1.0000"
"4365","Maranoa","1","1.0000"
"4370","Maranoa","1","1.0000"
"4371","Maranoa","1","1.0000"
"4372","Maranoa","1","1.0000"
"4373","Maranoa","1","1.0000"
"4374","Maranoa","1","1.0000"
"4375","Maranoa","2","0.6488"
"4375","New England","2","0.3512"
"4376","Maranoa","1","1.0000"
"4377","New England","2","0.8351"
"4377","Maranoa","2","0.1649"
"4378","Maranoa","1","1.0000"
"4380","Maranoa","2","0.8890"
"4380","New England","2","0.1110"
"4381","Maranoa","1","1.0000"
"4382","Maranoa","1","1.0000"
"4383","New England","2","0.5943"
"4383","Maranoa","2","0.4057"
"4384","Maranoa","1","1.0000"
"4385","Maranoa","2","0.7092"
"4385","New England","2","0.2908"
"4387","Maranoa","1","1.0000"
"4388","Maranoa","1","1.0000"
"4390","Maranoa","1","1.0000"
"4400","Groom","1","1.0000"
"4401","Groom","1","1.0000"
"4402","Maranoa","2","0.8630"
"4402","Groom","2","0.1370"
"4403","Groom","1","1.0000"
"4404","Groom","2","0.8785"
"4404","Maranoa","2","0.1215"
"4405","Groom","2","0.0521"
"4405","Maranoa","2","0.9479"
"4406","Maranoa","1","1.0000"
"4407","Maranoa","2","0.8913"
"4407","Groom","2","0.1087"
"4408","Maranoa","1","1.0000"
"4410","Maranoa","1","1.0000"
"4411","Maranoa","1","1.0000"
"4412","Maranoa","1","1.0000"
"4413","Maranoa","1","1.0000"
"4415","Maranoa","1","1.0000"
"4416","Maranoa","1","1.0000"
"4417","Maranoa","1","1.0000"
"4418","Maranoa","1","1.0000"
"4419","Maranoa","2","0.8135"
"4419","Flynn","2","0.1865"
"4420","Flynn","1","1.0000"
"4421","Maranoa","1","1.0000"
"4422","Maranoa","1","1.0000"
"4423","Maranoa","1","1.0000"
"4424","Maranoa","1","1.0000"
"4425","Maranoa","1","1.0000"
"4426","Maranoa","1","1.0000"
"4427","Maranoa","1","1.0000"
"4428","Maranoa","1","1.0000"
"4454","Maranoa","1","1.0000"
"4455","Maranoa","1","1.0000"
"4461","Maranoa","1","1.0000"
"4462","Maranoa","1","1.0000"
"4465","Maranoa","1","1.0000"
"4467","Maranoa","1","1.0000"
"4468","Maranoa","1","1.0000"
"4470","Maranoa","1","1.0000"
"4472","Maranoa","1","1.0000"
"4474","Maranoa","1","1.0000"
"4475","Maranoa","1","1.0000"
"4477","Maranoa","1","1.0000"
"4478","Maranoa","1","1.0000"
"4479","Maranoa","1","1.0000"
"4480","Maranoa","1","1.0000"
"4481","Maranoa","1","1.0000"
"4482","Maranoa","1","1.0000"
"4486","Maranoa","1","1.0000"
"4487","Maranoa","1","1.0000"
"4488","Maranoa","1","1.0000"
"4489","Maranoa","1","1.0000"
"4490","Maranoa","1","1.0000"
"4491","Maranoa","1","1.0000"
"4492","Maranoa","1","1.0000"
"4493","Maranoa","1","1.0000"
"4494","Maranoa","1","1.0000"
"4496","Maranoa","1","1.0000"
"4497","Maranoa","1","1.0000"
"4498","Maranoa","1","1.0000"
"4500","Dickson","1","1.0000"
"4501","Dickson","1","1.0000"
"4502","Dickson","1","1.0000"
"4503","Dickson","3","0.7399"
"4503","Petrie","3","0.1651"
"4503","Longman","3","0.0950"
"4504","Longman","2","0.9028"
"4504","Petrie","2","0.0972"
"4505","Longman","2","0.8352"
"4505","Petrie","2","0.1648"
"4506","Longman","1","1.0000"
"4507","Longman","1","1.0000"
"4508","Petrie","2","0.9744"
"4508","Longman","2","0.0256"
"4509","Petrie","1","1.0000"
"4510","Longman","1","1.0000"
"4511","Longman","1","1.0000"
"4512","Longman","1","1.0000"
"4514","Longman","2","0.7510"
"4514","Blair","2","0.2490"
"4515","Blair","1","1.0000"
"4516","Longman","1","1.0000"
"4517","Fisher","1","1.0000"
"4518","Fisher","1","1.0000"
"4519","Fisher","1","1.0000"
"4520","Dickson","2","0.8858"
"4520","Ryan","2","0.1142"
"4521","Dickson","2","0.6973"
"4521","Longman","2","0.3027"
"4550","Fisher","1","1.0000"
"4551","Fisher","1","1.0000"
"4552","Longman","2","0.0428"
"4552","Fisher","2","0.9572"
"4553","Fisher","1","1.0000"
"4554","Fisher","1","1.0000"
"4555","Fisher","2","0.5836"
"4555","Fairfax","2","0.4164"
"4556","Fairfax","2","0.6854"
"4556","Fisher","2","0.3146"
"4557","Fairfax","2","0.6493"
"4557","Fisher","2","0.3507"
"4558","Fairfax","1","1.0000"
"4559","Fisher","2","0.0261"
"4559","Fairfax","2","0.9739"
"4560","Fairfax","2","0.9171"
"4560","Fisher","2","0.0829"
"4561","Fairfax","1","1.0000"
"4562","Fairfax","2","0.9295"
"4562","Wide Bay","2","0.0705"
"4563","Wide Bay","1","1.0000"
"4564","Fairfax","1","1.0000"
"4565","Wide Bay","1","1.0000"
"4566","Wide Bay","1","1.0000"
"4567","Wide Bay","1","1.0000"
"4568","Wide Bay","1","1.0000"
"4569","Wide Bay","1","1.0000"
"4570","Wide Bay","1","1.0000"
"4571","Wide Bay","1","1.0000"
"4572","Fisher","2","0.9051"
"4572","Fairfax","2","0.0949"
"4573","Fairfax","2","0.6771"
"4573","Wide Bay","2","0.3229"
"4574","Fisher","3","0.0478"
"4574","Fairfax","3","0.9016"
"4574","Wide Bay","3","0.0506"
"4575","Fisher","1","1.0000"
"4580","Wide Bay","1","1.0000"
"4581","Wide Bay","1","1.0000"
"4600","Wide Bay","1","1.0000"
"4601","Wide Bay","1","1.0000"
"4605","Wide Bay","2","0.9774"
"4605","Flynn","2","0.0226"
"4606","Flynn","1","1.0000"
"4608","Flynn","2","0.7440"
"4608","Maranoa","2","0.2560"
"4610","Maranoa","2","0.8496"
"4610","Flynn","2","0.1504"
"4611","Flynn","1","1.0000"
"4612","Flynn","1","1.0000"
"4613","Flynn","1","1.0000"
"4614","Maranoa","1","1.0000"
"4615","Maranoa","2","0.9055"
"4615","Wide Bay","2","0.0945"
"4620","Wide Bay","1","1.0000"
"4621","Flynn","2","0.8069"
"4621","Wide Bay","2","0.1931"
"4625","Flynn","1","1.0000"
"4626","Flynn","2","0.9350"
"4626","Maranoa","2","0.0650"
"4627","Flynn","1","1.0000"
"4630","Flynn","1","1.0000"
"4650","Wide Bay","2","0.8790"
"4650","Hinkler","2","0.1210"
"4655","Hinkler","2","0.6832"
"4655","Wide Bay","2","0.3168"
"4659","Wide Bay","2","0.2890"
"4659","Hinkler","2","0.7110"
"4660","Hinkler","1","1.0000"
"4662","Hinkler","2","0.9767"
"4662","Wide Bay","2","0.0233"
"4670","Flynn","2","0.5649"
"4670","Hinkler","2","0.4351"
"4671","Flynn","2","0.9062"
"4671","Hinkler","2","0.0938"
"4673","Flynn","1","1.0000"
"4674","Flynn","1","1.0000"
"4676","Flynn","1","1.0000"
"4677","Flynn","1","1.0000"
"4678","Flynn","1","1.0000"
"4680","Flynn","1","1.0000"
"4694","Flynn","1","1.0000"
"4695","Flynn","1","1.0000"
"4697","Flynn","1","1.0000"
"4699","Flynn","1","1.0000"
"4700","Capricornia","2","0.7393"
"4700","Flynn","2","0.2607"
"4701","Capricornia","1","1.0000"
"4702","Capricornia","2","0.1393"
"4702","Flynn","2","0.8607"
"4703","Capricornia","1","1.0000"
"4704","Capricornia","1","1.0000"
"4705","Capricornia","1","1.0000"
"4706","Capricornia","1","1.0000"
"4707","Capricornia","1","1.0000"
"4709","Flynn","1","1.0000"
"4710","Capricornia","1","1.0000"
"4711","Capricornia","1","1.0000"
"4712","Flynn","1","1.0000"
"4713","Flynn","1","1.0000"
"4714","Flynn","1","1.0000"
"4715","Flynn","1","1.0000"
"4716","Flynn","1","1.0000"
"4717","Flynn","1","1.0000"
"4718","Flynn","1","1.0000"
"4719","Flynn","1","1.0000"
"4720","Flynn","1","1.0000"
"4721","Capricornia","2","0.9223"
"4721","Flynn","2","0.0777"
"4722","Flynn","1","1.0000"
"4723","Flynn","1","1.0000"
"4724","Maranoa","1","1.0000"
"4725","Maranoa","1","1.0000"
"4726","Maranoa","1","1.0000"
"4727","Maranoa","1","1.0000"
"4728","Maranoa","1","1.0000"
"4730","Maranoa","1","1.0000"
"4731","Maranoa","1","1.0000"
"4732","Maranoa","1","1.0000"
"4733","Maranoa","1","1.0000"
"4735","Maranoa","1","1.0000"
"4736","Maranoa","1","1.0000"
"4737","Capricornia","1","1.0000"
"4738","Capricornia","1","1.0000"
"4739","Capricornia","1","1.0000"
"4740","Dawson","2","0.6122"
"4740","Capricornia","2","0.3878"
"4741","Capricornia","2","0.7586"
"4741","Dawson","2","0.2414"
"4742","Capricornia","1","1.0000"
"4743","Capricornia","1","1.0000"
"4744","Capricornia","1","1.0000"
"4745","Capricornia","2","0.9515"
"4745","Flynn","2","0.0485"
"4746","Capricornia","1","1.0000"
"4750","Dawson","1","1.0000"
"4751","Capricornia","1","1.0000"
"4753","Capricornia","1","1.0000"
"4754","Capricornia","1","1.0000"
"4756","Capricornia","1","1.0000"
"4757","Capricornia","1","1.0000"
"4798","Dawson","1","1.0000"
"4799","Dawson","1","1.0000"
"4800","Dawson","1","1.0000"
"4801","Dawson","1","1.0000"
"4802","Dawson","1","1.0000"
"4803","Dawson","1","1.0000"
"4804","Capricornia","1","1.0000"
"4805","Dawson","2","0.8831"
"4805","Capricornia","2","0.1169"
"4806","Dawson","1","1.0000"
"4807","Kennedy","2","0.7316"
"4807","Dawson","2","0.2684"
"4808","Dawson","1","1.0000"
"4809","Dawson","2","0.8096"
"4809","Kennedy","2","0.1904"
"4810","Dawson","2","0.7791"
"4810","Herbert","2","0.2209"
"4811","Kennedy","3","0.5451"
"4811","Dawson","3","0.4069"
"4811","Herbert","3","0.0480"
"4812","Herbert","1","1.0000"
"4814","Dawson","2","0.1286"
"4814","Herbert","2","0.8714"
"4815","Kennedy","2","0.9596"
"4815","Herbert","2","0.0404"
"4816","Kennedy","1","1.0000"
"4817","Kennedy","2","0.7750"
"4817","Herbert","2","0.2250"
"4818","Herbert","2","0.8777"
"4818","Kennedy","2","0.1223"
"4819","Herbert","1","1.0000"
"4820","Kennedy","2","0.8695"
"4820","Capricornia","2","0.1305"
"4821","Kennedy","1","1.0000"
"4822","Kennedy","1","1.0000"
"4823","Kennedy","2","0.9645"
"4823","Maranoa","2","0.0355"
"4824","Kennedy","1","1.0000"
"4825","Kennedy","2","0.8006"
"4825","Lingiari","2","0.1994"
"4828","Kennedy","1","1.0000"
"4829","Maranoa","2","0.5562"
"4829","Kennedy","2","0.4438"
"4830","Kennedy","1","1.0000"
"4849","Kennedy","1","1.0000"
"4850","Kennedy","1","1.0000"
"4852","Kennedy","1","1.0000"
"4854","Kennedy","1","1.0000"
"4855","Kennedy","1","1.0000"
"4856","Kennedy","1","1.0000"
"4858","Kennedy","1","1.0000"
"4859","Kennedy","1","1.0000"
"4860","Kennedy","1","1.0000"
"4861","Kennedy","1","1.0000"
"4865","Kennedy","1","1.0000"
"4868","Leichhardt","1","1.0000"
"4869","Kennedy","2","0.7786"
"4869","Leichhardt","2","0.2214"
"4870","Leichhardt","2","0.5427"
"4870","Kennedy","2","0.4573"
"4871","Kennedy","2","0.9229"
"4871","Leichhardt","2","0.0771"
"4872","Kennedy","1","1.0000"
"4873","Leichhardt","1","1.0000"
"4874","Leichhardt","1","1.0000"
"4875","Leichhardt","1","1.0000"
"4876","Leichhardt","1","1.0000"
"4877","Leichhardt","1","1.0000"
"4878","Leichhardt","1","1.0000"
"4879","Leichhardt","1","1.0000"
"4880","Kennedy","1","1.0000"
"4881","Leichhardt","2","0.5525"
"4881","Kennedy","2","0.4475"
"4882","Kennedy","1","1.0000"
"4883","Kennedy","1","1.0000"
"4884","Kennedy","1","1.0000"
"4885","Kennedy","1","1.0000"
"4886","Kennedy","1","1.0000"
"4887","Kennedy","1","1.0000"
"4888","Kennedy","1","1.0000"
"4890","Kennedy","1","1.0000"
"4891","Kennedy","1","1.0000"
"4892","Leichhardt","2","0.7219"
"4892","Kennedy","2","0.2781"
"4895","Leichhardt","1","1.0000"
"5000","Adelaide","1","1.0000"
"5005","Adelaide","1","1.0000"
"5006","Adelaide","1","1.0000"
"5007","Adelaide","3","0.6606"
"5007","Hindmarsh","3","0.1731"
"5007","Port Adelaide","3","0.1662"
"5008","Adelaide","2","0.6356"
"5008","Port Adelaide","2","0.3644"
"5009","Port Adelaide","2","0.9211"
"5009","Hindmarsh","2","0.0789"
"5010","Port Adelaide","1","1.0000"
"5011","Port Adelaide","1","1.0000"
"5012","Port Adelaide","1","1.0000"
"5013","Port Adelaide","1","1.0000"
"5014","Port Adelaide","1","1.0000"
"5015","Port Adelaide","1","1.0000"
"5016","Port Adelaide","1","1.0000"
"5017","Port Adelaide","1","1.0000"
"5018","Port Adelaide","1","1.0000"
"5019","Port Adelaide","2","0.5135"
"5019","Hindmarsh","2","0.4865"
"5020","Hindmarsh","1","1.0000"
"5021","Hindmarsh","1","1.0000"
"5022","Hindmarsh","1","1.0000"
"5023","Port Adelaide","2","0.6357"
"5023","Hindmarsh","2","0.3643"
"5024","Hindmarsh","1","1.0000"
"5025","Hindmarsh","1","1.0000"
"5031","Adelaide","2","0.5197"
"5031","Hindmarsh","2","0.4803"
"5032","Hindmarsh","1","1.0000"
"5033","Hindmarsh","1","1.0000"
"5034","Adelaide","1","1.0000"
"5035","Adelaide","1","1.0000"
"5037","Hindmarsh","1","1.0000"
"5038","Hindmarsh","1","1.0000"
"5039","Hindmarsh","2","0.5052"
"5039","Boothby","2","0.4948"
"5040","Hindmarsh","1","1.0000"
"5041","Boothby","1","1.0000"
"5042","Boothby","1","1.0000"
"5043","Hindmarsh","2","0.5049"
"5043","Boothby","2","0.4951"
"5044","Boothby","2","0.2457"
"5044","Hindmarsh","2","0.7543"
"5045","Hindmarsh","1","1.0000"
"5046","Boothby","1","1.0000"
"5047","Boothby","1","1.0000"
"5048","Boothby","1","1.0000"
"5049","Boothby","2","0.9675"
"5049","Kingston","2","0.0325"
"5050","Boothby","1","1.0000"
"5051","Boothby","2","0.8646"
"5051","Mayo","2","0.1354"
"5052","Boothby","1","1.0000"
"5061","Adelaide","1","1.0000"
"5062","Boothby","1","1.0000"
"5063","Adelaide","2","0.7287"
"5063","Sturt","2","0.2713"
"5064","Sturt","2","0.7795"
"5064","Boothby","2","0.2205"
"5065","Sturt","2","0.6062"
"5065","Adelaide","2","0.3938"
"5066","Sturt","1","1.0000"
"5067","Sturt","2","0.1436"
"5067","Adelaide","2","0.8564"
"5068","Sturt","1","1.0000"
"5069","Adelaide","1","1.0000"
"5070","Sturt","2","0.7944"
"5070","Adelaide","2","0.2056"
"5072","Mayo","2","0.5566"
"5072","Sturt","2","0.4434"
"5073","Sturt","2","0.8642"
"5073","Mayo","2","0.1358"
"5074","Sturt","1","1.0000"
"5075","Sturt","1","1.0000"
"5076","Sturt","2","0.5817"
"5076","Mayo","2","0.4183"
"5081","Adelaide","1","1.0000"
"5082","Adelaide","1","1.0000"
"5083","Adelaide","1","1.0000"
"5084","Adelaide","1","1.0000"
"5085","Adelaide","2","0.8594"
"5085","Makin","2","0.1406"
"5086","Sturt","2","0.6807"
"5086","Adelaide","2","0.3193"
"5087","Sturt","1","1.0000"
"5088","Sturt","1","1.0000"
"5089","Sturt","1","1.0000"
"5090","Sturt","2","0.6198"
"5090","Makin","2","0.3802"
"5091","Makin","1","1.0000"
"5092","Makin","1","1.0000"
"5093","Makin","1","1.0000"
"5094","Port Adelaide","2","0.8816"
"5094","Makin","2","0.1184"
"5095","Makin","1","1.0000"
"5096","Makin","1","1.0000"
"5097","Makin","1","1.0000"
"5098","Makin","1","1.0000"
"5106","Makin","1","1.0000"
"5107","Port Adelaide","1","1.0000"
"5108","Port Adelaide","2","0.8589"
"5108","Wakefield","2","0.1411"
"5109","Makin","2","0.7363"
"5109","Wakefield","2","0.2637"
"5110","Port Adelaide","2","0.6817"
"5110","Wakefield","2","0.3183"
"5111","Wakefield","1","1.0000"
"5112","Wakefield","1","1.0000"
"5113","Wakefield","1","1.0000"
"5114","Wakefield","3","0.9033"
"5114","Makin","3","0.0610"
"5114","Mayo","3","0.0358"
"5115","Wakefield","1","1.0000"
"5116","Wakefield","1","1.0000"
"5117","Wakefield","1","1.0000"
"5118","Wakefield","1","1.0000"
"5120","Wakefield","1","1.0000"
"5121","Wakefield","1","1.0000"
"5125","Makin","1","1.0000"
"5126","Makin","1","1.0000"
"5127","Makin","1","1.0000"
"5131","Mayo","2","0.7628"
"5131","Makin","2","0.2372"
"5132","Mayo","2","0.7132"
"5132","Sturt","2","0.2868"
"5133","Mayo","1","1.0000"
"5134","Mayo","1","1.0000"
"5136","Mayo","1","1.0000"
"5137","Mayo","1","1.0000"
"5138","Mayo","1","1.0000"
"5139","Mayo","1","1.0000"
"5140","Mayo","1","1.0000"
"5141","Mayo","1","1.0000"
"5142","Mayo","1","1.0000"
"5144","Mayo","1","1.0000"
"5150","Boothby","2","0.5685"
"5150","Sturt","2","0.4315"
"5151","Mayo","1","1.0000"
"5152","Mayo","2","0.9288"
"5152","Boothby","2","0.0712"
"5153","Mayo","1","1.0000"
"5154","Mayo","1","1.0000"
"5155","Mayo","1","1.0000"
"5156","Mayo","2","0.6755"
"5156","Boothby","2","0.3245"
"5157","Mayo","1","1.0000"
"5158","Kingston","2","0.8351"
"5158","Boothby","2","0.1649"
"5159","Boothby","3","0.5073"
"5159","Kingston","3","0.2534"
"5159","Mayo","3","0.2393"
"5160","Kingston","1","1.0000"
"5161","Kingston","1","1.0000"
"5162","Kingston","1","1.0000"
"5163","Kingston","1","1.0000"
"5164","Kingston","1","1.0000"
"5165","Kingston","1","1.0000"
"5166","Kingston","1","1.0000"
"5167","Kingston","1","1.0000"
"5168","Kingston","2","0.7865"
"5168","Mayo","2","0.2135"
"5169","Kingston","2","0.8867"
"5169","Mayo","2","0.1133"
"5170","Kingston","1","1.0000"
"5171","Mayo","1","1.0000"
"5172","Mayo","1","1.0000"
"5173","Kingston","2","0.7659"
"5173","Mayo","2","0.2341"
"5174","Mayo","2","0.8799"
"5174","Kingston","2","0.1201"
"5201","Mayo","1","1.0000"
"5202","Mayo","1","1.0000"
"5203","Mayo","1","1.0000"
"5204","Mayo","1","1.0000"
"5210","Mayo","1","1.0000"
"5211","Mayo","1","1.0000"
"5212","Mayo","1","1.0000"
"5213","Mayo","1","1.0000"
"5214","Mayo","1","1.0000"
"5220","Mayo","1","1.0000"
"5221","Mayo","1","1.0000"
"5222","Mayo","1","1.0000"
"5223","Mayo","1","1.0000"
"5231","Mayo","1","1.0000"
"5232","Mayo","1","1.0000"
"5233","Mayo","1","1.0000"
"5234","Mayo","1","1.0000"
"5235","Barker","2","0.6078"
"5235","Mayo","2","0.3922"
"5236","Barker","1","1.0000"
"5237","Barker","1","1.0000"
"5238","Barker","1","1.0000"
"5240","Mayo","1","1.0000"
"5241","Mayo","1","1.0000"
"5242","Mayo","1","1.0000"
"5243","Mayo","1","1.0000"
"5244","Mayo","2","0.9158"
"5244","Barker","2","0.0842"
"5245","Mayo","1","1.0000"
"5250","Mayo","1","1.0000"
"5251","Mayo","1","1.0000"
"5252","Mayo","1","1.0000"
"5253","Barker","1","1.0000"
"5254","Barker","2","0.9560"
"5254","Mayo","2","0.0440"
"5255","Mayo","2","0.9613"
"5255","Barker","2","0.0387"
"5256","Mayo","1","1.0000"
"5259","Barker","2","0.8996"
"5259","Mayo","2","0.1004"
"5260","Barker","1","1.0000"
"5261","Barker","1","1.0000"
"5262","Barker","1","1.0000"
"5263","Barker","1","1.0000"
"5264","Barker","1","1.0000"
"5265","Barker","1","1.0000"
"5266","Barker","1","1.0000"
"5267","Barker","1","1.0000"
"5268","Barker","1","1.0000"
"5269","Barker","1","1.0000"
"5270","Barker","1","1.0000"
"5271","Barker","1","1.0000"
"5272","Barker","1","1.0000"
"5273","Barker","1","1.0000"
"5275","Barker","1","1.0000"
"5276","Barker","1","1.0000"
"5277","Barker","1","1.0000"
"5278","Barker","1","1.0000"
"5279","Barker","1","1.0000"
"5280","Barker","1","1.0000"
"5290","Barker","1","1.0000"
"5291","Barker","1","1.0000"
"5301","Barker","1","1.0000"
"5302","Barker","1","1.0000"
"5303","Barker","1","1.0000"
"5304","Barker","1","1.0000"
"5306","Barker","1","1.0000"
"5307","Barker","1","1.0000"
"5308","Barker","1","1.0000"
"5309","Barker","1","1.0000"
"5310","Barker","1","1.0000"
"5311","Barker","1","1.0000"
"5320","Barker","2","0.8527"
"5320","Grey","2","0.1473"
"5321","Barker","1","1.0000"
"5322","Barker","1","1.0000"
"5330","Barker","1","1.0000"
"5331","Barker","1","1.0000"
"5332","Barker","1","1.0000"
"5333","Barker","1","1.0000"
"5340","Barker","1","1.0000"
"5341","Barker","1","1.0000"
"5342","Barker","1","1.0000"
"5343","Barker","1","1.0000"
"5344","Barker","1","1.0000"
"5345","Barker","1","1.0000"
"5346","Barker","1","1.0000"
"5350","Wakefield","1","1.0000"
"5351","Wakefield","3","0.4539"
"5351","Barker","3","0.2758"
"5351","Mayo","3","0.2703"
"5352","Wakefield","2","0.5031"
"5352","Barker","2","0.4969"
"5353","Barker","1","1.0000"
"5354","Barker","1","1.0000"
"5355","Wakefield","2","0.7050"
"5355","Barker","2","0.2950"
"5356","Barker","3","0.8273"
"5356","Grey","3","0.0892"
"5356","Wakefield","3","0.0835"
"5357","Barker","1","1.0000"
"5360","Wakefield","1","1.0000"
"5371","Wakefield","1","1.0000"
"5372","Wakefield","1","1.0000"
"5373","Wakefield","1","1.0000"
"5374","Barker","2","0.2100"
"5374","Grey","2","0.7900"
"5381","Grey","1","1.0000"
"5400","Wakefield","1","1.0000"
"5401","Wakefield","1","1.0000"
"5410","Wakefield","1","1.0000"
"5411","Wakefield","1","1.0000"
"5412","Wakefield","1","1.0000"
"5413","Wakefield","2","0.8974"
"5413","Grey","2","0.1026"
"5414","Wakefield","1","1.0000"
"5415","Wakefield","1","1.0000"
"5416","Grey","2","0.8034"
"5416","Wakefield","2","0.1966"
"5417","Grey","2","0.8272"
"5417","Barker","2","0.1728"
"5418","Grey","1","1.0000"
"5419","Grey","1","1.0000"
"5420","Grey","1","1.0000"
"5421","Grey","1","1.0000"
"5422","Grey","1","1.0000"
"5431","Grey","1","1.0000"
"5432","Grey","1","1.0000"
"5433","Grey","1","1.0000"
"5434","Grey","1","1.0000"
"5440","Grey","1","1.0000"
"5451","Wakefield","1","1.0000"
"5452","Wakefield","1","1.0000"
"5453","Wakefield","2","0.6662"
"5453","Grey","2","0.3338"
"5454","Grey","1","1.0000"
"5455","Wakefield","1","1.0000"
"5460","Wakefield","1","1.0000"
"5461","Wakefield","2","0.7782"
"5461","Grey","2","0.2218"
"5462","Grey","1","1.0000"
"5464","Grey","2","0.9400"
"5464","Wakefield","2","0.0600"
"5470","Grey","1","1.0000"
"5471","Grey","1","1.0000"
"5472","Grey","1","1.0000"
"5473","Grey","1","1.0000"
"5480","Grey","1","1.0000"
"5481","Grey","1","1.0000"
"5482","Grey","1","1.0000"
"5483","Grey","1","1.0000"
"5485","Grey","1","1.0000"
"5490","Grey","1","1.0000"
"5491","Grey","1","1.0000"
"5493","Grey","1","1.0000"
"5495","Grey","1","1.0000"
"5501","Wakefield","1","1.0000"
"5502","Wakefield","1","1.0000"
"5510","Grey","1","1.0000"
"5520","Grey","1","1.0000"
"5521","Grey","1","1.0000"
"5522","Grey","1","1.0000"
"5523","Grey","1","1.0000"
"5540","Grey","1","1.0000"
"5550","Wakefield","2","0.8164"
"5550","Grey","2","0.1836"
"5552","Grey","1","1.0000"
"5554","Grey","1","1.0000"
"5555","Grey","1","1.0000"
"5556","Grey","1","1.0000"
"5558","Grey","1","1.0000"
"5560","Grey","1","1.0000"
"5570","Grey","1","1.0000"
"5571","Grey","1","1.0000"
"5572","Grey","1","1.0000"
"5573","Grey","1","1.0000"
"5575","Grey","1","1.0000"
"5576","Grey","1","1.0000"
"5577","Grey","1","1.0000"
"5580","Grey","1","1.0000"
"5581","Grey","1","1.0000"
"5582","Grey","1","1.0000"
"5583","Grey","1","1.0000"
"5600","Grey","1","1.0000"
"5601","Grey","1","1.0000"
"5602","Grey","1","1.0000"
"5603","Grey","1","1.0000"
"5604","Grey","1","1.0000"
"5605","Grey","1","1.0000"
"5606","Grey","1","1.0000"
"5607","Grey","1","1.0000"
"5608","Grey","1","1.0000"
"5609","Grey","1","1.0000"
"5630","Grey","1","1.0000"
"5631","Grey","1","1.0000"
"5632","Grey","1","1.0000"
"5633","Grey","1","1.0000"
"5640","Grey","1","1.0000"
"5641","Grey","1","1.0000"
"5642","Grey","1","1.0000"
"5650","Grey","1","1.0000"
"5651","Grey","1","1.0000"
"5652","Grey","1","1.0000"
"5653","Grey","1","1.0000"
"5654","Grey","1","1.0000"
"5655","Grey","1","1.0000"
"5660","Grey","1","1.0000"
"5661","Grey","1","1.0000"
"5670","Grey","1","1.0000"
"5671","Grey","1","1.0000"
"5680","Grey","1","1.0000"
"5690","Grey","1","1.0000"
"5700","Grey","1","1.0000"
"5701","Grey","1","1.0000"
"5710","Grey","1","1.0000"
"5713","Grey","1","1.0000"
"5715","Grey","1","1.0000"
"5717","Grey","1","1.0000"
"5719","Grey","1","1.0000"
"5720","Grey","1","1.0000"
"5722","Grey","1","1.0000"
"5723","Grey","1","1.0000"
"5724","Grey","1","1.0000"
"5725","Grey","1","1.0000"
"5730","Grey","1","1.0000"
"5731","Grey","1","1.0000"
"5732","Grey","1","1.0000"
"5733","Grey","1","1.0000"
"5734","Grey","1","1.0000"
"5950","Hindmarsh","1","1.0000"
"5960","Port Adelaide","1","1.0000"
"6000","Perth","1","1.0000"
"6003","Perth","1","1.0000"
"6004","Perth","1","1.0000"
"6005","Perth","1","1.0000"
"6006","Perth","1","1.0000"
"6007","Curtin","2","0.5109"
"6007","Perth","2","0.4891"
"6008","Curtin","1","1.0000"
"6009","Curtin","1","1.0000"
"6010","Curtin","1","1.0000"
"6011","Curtin","1","1.0000"
"6012","Curtin","1","1.0000"
"6014","Curtin","1","1.0000"
"6015","Curtin","1","1.0000"
"6016","Perth","2","0.7715"
"6016","Curtin","2","0.2285"
"6017","Curtin","2","0.7930"
"6017","Stirling","2","0.2070"
"6018","Curtin","2","0.5018"
"6018","Stirling","2","0.4982"
"6019","Curtin","2","0.8342"
"6019","Stirling","2","0.1658"
"6020","Stirling","2","0.6263"
"6020","Moore","2","0.3737"
"6021","Stirling","1","1.0000"
"6022","Stirling","1","1.0000"
"6023","Moore","1","1.0000"
"6024","Cowan","2","0.9735"
"6024","Moore","2","0.0265"
"6025","Moore","1","1.0000"
"6026","Moore","2","0.8655"
"6026","Cowan","2","0.1345"
"6027","Moore","1","1.0000"
"6028","Moore","1","1.0000"
"6029","Stirling","1","1.0000"
"6030","Pearce","1","1.0000"
"6031","Pearce","1","1.0000"
"6032","Pearce","1","1.0000"
"6033","Pearce","1","1.0000"
"6034","Pearce","1","1.0000"
"6035","Pearce","1","1.0000"
"6036","Pearce","1","1.0000"
"6037","Pearce","1","1.0000"
"6038","Pearce","1","1.0000"
"6041","Pearce","1","1.0000"
"6042","Pearce","1","1.0000"
"6043","Pearce","1","1.0000"
"6044","Pearce","2","0.6708"
"6044","Durack","2","0.3292"
"6050","Perth","1","1.0000"
"6051","Perth","1","1.0000"
"6052","Perth","1","1.0000"
"6053","Perth","1","1.0000"
"6054","Perth","2","0.7836"
"6054","Cowan","2","0.2164"
"6055","Pearce","2","0.4844"
"6055","Hasluck","2","0.5156"
"6056","Pearce","2","0.5117"
"6056","Hasluck","2","0.4883"
"6057","Swan","2","0.5593"
"6057","Hasluck","2","0.4407"
"6058","Hasluck","2","0.7767"
"6058","Swan","2","0.2233"
"6059","Stirling","1","1.0000"
"6060","Stirling","1","1.0000"
"6061","Stirling","1","1.0000"
"6062","Stirling","2","0.0245"
"6062","Perth","2","0.9755"
"6063","Cowan","1","1.0000"
"6064","Cowan","1","1.0000"
"6065","Cowan","1","1.0000"
"6066","Cowan","1","1.0000"
"6067","Cowan","1","1.0000"
"6068","Cowan","1","1.0000"
"6069","Pearce","1","1.0000"
"6070","Hasluck","1","1.0000"
"6071","Hasluck","1","1.0000"
"6072","Hasluck","1","1.0000"
"6073","Hasluck","1","1.0000"
"6074","Hasluck","1","1.0000"
"6076","Hasluck","2","0.5256"
"6076","Canning","2","0.4744"
"6077","Cowan","1","1.0000"
"6078","Pearce","1","1.0000"
"6079","Pearce","1","1.0000"
"6081","Hasluck","1","1.0000"
"6082","Hasluck","1","1.0000"
"6083","Pearce","2","0.4020"
"6083","Hasluck","2","0.5980"
"6084","Pearce","1","1.0000"
"6090","Cowan","1","1.0000"
"6100","Swan","1","1.0000"
"6101","Swan","1","1.0000"
"6102","Swan","1","1.0000"
"6103","Swan","1","1.0000"
"6104","Swan","1","1.0000"
"6105","Swan","1","1.0000"
"6106","Swan","1","1.0000"
"6107","Swan","2","0.3568"
"6107","Hasluck","2","0.6432"
"6108","Burt","1","1.0000"
"6109","Canning","2","0.5625"
"6109","Hasluck","2","0.4375"
"6110","Burt","2","0.5404"
"6110","Canning","2","0.4596"
"6111","Canning","2","0.9496"
"6111","Burt","2","0.0504"
"6112","Burt","2","0.5579"
"6112","Canning","2","0.4421"
"6121","Canning","1","1.0000"
"6122","Canning","1","1.0000"
"6123","Canning","1","1.0000"
"6124","Canning","1","1.0000"
"6125","Canning","1","1.0000"
"6126","Canning","1","1.0000"
"6147","Tangney","2","0.6264"
"6147","Burt","2","0.3736"
"6148","Tangney","1","1.0000"
"6149","Tangney","2","0.9366"
"6149","Fremantle","2","0.0634"
"6150","Tangney","1","1.0000"
"6151","Swan","1","1.0000"
"6152","Swan","1","1.0000"
"6153","Tangney","1","1.0000"
"6154","Tangney","1","1.0000"
"6155","Burt","2","0.7422"
"6155","Tangney","2","0.2578"
"6156","Tangney","1","1.0000"
"6157","Fremantle","2","0.5016"
"6157","Tangney","2","0.4984"
"6158","Fremantle","1","1.0000"
"6159","Fremantle","1","1.0000"
"6160","Fremantle","1","1.0000"
"6161","Fremantle","1","1.0000"
"6162","Fremantle","1","1.0000"
"6163","Fremantle","2","0.9338"
"6163","Tangney","2","0.0662"
"6164","Fremantle","1","1.0000"
"6165","Brand","1","1.0000"
"6166","Fremantle","1","1.0000"
"6167","Brand","1","1.0000"
"6168","Brand","1","1.0000"
"6169","Brand","1","1.0000"
"6170","Brand","1","1.0000"
"6171","Brand","1","1.0000"
"6172","Brand","1","1.0000"
"6173","Brand","1","1.0000"
"6174","Brand","1","1.0000"
"6175","Brand","1","1.0000"
"6176","Brand","1","1.0000"
"6180","Canning","1","1.0000"
"6181","Canning","1","1.0000"
"6182","Brand","1","1.0000"
"6207","Canning","1","1.0000"
"6208","Canning","1","1.0000"
"6209","Canning","1","1.0000"
"6210","Canning","1","1.0000"
"6211","Canning","1","1.0000"
"6213","Canning","1","1.0000"
"6214","Canning","1","1.0000"
"6215","Canning","1","1.0000"
"6218","Forrest","1","1.0000"
"6220","Forrest","1","1.0000"
"6221","Forrest","1","1.0000"
"6223","Forrest","1","1.0000"
"6224","Forrest","1","1.0000"
"6225","O'Connor","2","0.9198"
"6225","Forrest","2","0.0802"
"6226","Forrest","1","1.0000"
"6227","Forrest","1","1.0000"
"6228","Forrest","1","1.0000"
"6229","Forrest","1","1.0000"
"6230","Forrest","1","1.0000"
"6232","Forrest","1","1.0000"
"6233","Forrest","1","1.0000"
"6236","Forrest","1","1.0000"
"6237","Forrest","1","1.0000"
"6239","Forrest","1","1.0000"
"6240","Forrest","1","1.0000"
"6243","Forrest","2","0.7415"
"6243","O'Connor","2","0.2585"
"6244","O'Connor","1","1.0000"
"6251","Forrest","1","1.0000"
"6252","Forrest","1","1.0000"
"6253","Forrest","1","1.0000"
"6254","O'Connor","1","1.0000"
"6255","O'Connor","1","1.0000"
"6256","O'Connor","1","1.0000"
"6258","O'Connor","2","0.9692"
"6258","Forrest","2","0.0308"
"6260","O'Connor","2","0.6245"
"6260","Forrest","2","0.3755"
"6262","O'Connor","1","1.0000"
"6271","Forrest","1","1.0000"
"6275","Forrest","1","1.0000"
"6280","Forrest","1","1.0000"
"6281","Forrest","1","1.0000"
"6282","Forrest","1","1.0000"
"6284","Forrest","1","1.0000"
"6285","Forrest","1","1.0000"
"6286","Forrest","1","1.0000"
"6288","Forrest","1","1.0000"
"6290","Forrest","1","1.0000"
"6302","Pearce","1","1.0000"
"6304","Pearce","1","1.0000"
"6306","O'Connor","1","1.0000"
"6308","O'Connor","1","1.0000"
"6309","O'Connor","1","1.0000"
"6311","O'Connor","1","1.0000"
"6312","O'Connor","1","1.0000"
"6313","O'Connor","1","1.0000"
"6315","O'Connor","1","1.0000"
"6316","O'Connor","1","1.0000"
"6317","O'Connor","1","1.0000"
"6318","O'Connor","1","1.0000"
"6320","O'Connor","1","1.0000"
"6321","O'Connor","1","1.0000"
"6322","O'Connor","1","1.0000"
"6323","O'Connor","1","1.0000"
"6324","O'Connor","1","1.0000"
"6326","O'Connor","1","1.0000"
"6327","O'Connor","1","1.0000"
"6328","O'Connor","1","1.0000"
"6330","O'Connor","1","1.0000"
"6333","O'Connor","1","1.0000"
"6335","O'Connor","1","1.0000"
"6336","O'Connor","1","1.0000"
"6337","O'Connor","1","1.0000"
"6338","O'Connor","1","1.0000"
"6341","O'Connor","1","1.0000"
"6343","O'Connor","1","1.0000"
"6346","O'Connor","1","1.0000"
"6348","O'Connor","1","1.0000"
"6350","O'Connor","1","1.0000"
"6351","O'Connor","1","1.0000"
"6352","O'Connor","1","1.0000"
"6353","O'Connor","1","1.0000"
"6355","O'Connor","1","1.0000"
"6356","O'Connor","1","1.0000"
"6357","O'Connor","1","1.0000"
"6358","O'Connor","1","1.0000"
"6359","O'Connor","1","1.0000"
"6361","O'Connor","1","1.0000"
"6363","O'Connor","1","1.0000"
"6365","O'Connor","1","1.0000"
"6367","O'Connor","1","1.0000"
"6368","Durack","1","1.0000"
"6369","Durack","1","1.0000"
"6370","O'Connor","1","1.0000"
"6372","O'Connor","1","1.0000"
"6373","O'Connor","1","1.0000"
"6375","O'Connor","1","1.0000"
"6383","Durack","1","1.0000"
"6384","Durack","1","1.0000"
"6385","Durack","1","1.0000"
"6386","Durack","1","1.0000"
"6390","Canning","2","0.6515"
"6390","O'Connor","2","0.3485"
"6391","Canning","2","0.0668"
"6391","O'Connor","2","0.9332"
"6392","O'Connor","1","1.0000"
"6393","O'Connor","1","1.0000"
"6394","O'Connor","1","1.0000"
"6395","O'Connor","1","1.0000"
"6396","O'Connor","1","1.0000"
"6397","O'Connor","1","1.0000"
"6398","O'Connor","1","1.0000"
"6401","Pearce","2","0.6499"
"6401","Durack","2","0.3501"
"6403","Pearce","1","1.0000"
"6405","Durack","1","1.0000"
"6407","Durack","1","1.0000"
"6409","Durack","1","1.0000"
"6410","Durack","1","1.0000"
"6411","Durack","1","1.0000"
"6412","Durack","1","1.0000"
"6413","Durack","1","1.0000"
"6414","Durack","1","1.0000"
"6415","Durack","1","1.0000"
"6418","Durack","1","1.0000"
"6419","Durack","1","1.0000"
"6420","Durack","1","1.0000"
"6421","Durack","1","1.0000"
"6422","Durack","1","1.0000"
"6423","Durack","1","1.0000"
"6424","Durack","1","1.0000"
"6425","Durack","1","1.0000"
"6426","Durack","1","1.0000"
"6427","Durack","1","1.0000"
"6428","Durack","1","1.0000"
"6429","O'Connor","1","1.0000"
"6430","O'Connor","1","1.0000"
"6431","O'Connor","1","1.0000"
"6432","O'Connor","1","1.0000"
"6434","O'Connor","1","1.0000"
"6436","O'Connor","1","1.0000"
"6437","O'Connor","1","1.0000"
"6438","O'Connor","1","1.0000"
"6440","O'Connor","1","1.0000"
"6442","O'Connor","1","1.0000"
"6443","O'Connor","1","1.0000"
"6445","O'Connor","1","1.0000"
"6446","O'Connor","1","1.0000"
"6447","O'Connor","1","1.0000"
"6448","O'Connor","1","1.0000"
"6450","O'Connor","1","1.0000"
"6452","O'Connor","1","1.0000"
"6460","Durack","1","1.0000"
"6461","Durack","1","1.0000"
"6462","Durack","1","1.0000"
"6463","Durack","1","1.0000"
"6465","Durack","1","1.0000"
"6466","Durack","1","1.0000"
"6467","Durack","1","1.0000"
"6468","Durack","1","1.0000"
"6470","Durack","1","1.0000"
"6472","Durack","1","1.0000"
"6473","Durack","1","1.0000"
"6475","Durack","1","1.0000"
"6476","Durack","1","1.0000"
"6477","Durack","1","1.0000"
"6479","Durack","1","1.0000"
"6480","Durack","1","1.0000"
"6484","Durack","1","1.0000"
"6485","Durack","1","1.0000"
"6487","Durack","1","1.0000"
"6488","Durack","1","1.0000"
"6489","Durack","1","1.0000"
"6490","Durack","1","1.0000"
"6501","Pearce","1","1.0000"
"6502","Pearce","1","1.0000"
"6503","Pearce","1","1.0000"
"6504","Pearce","1","1.0000"
"6505","Pearce","1","1.0000"
"6506","Durack","1","1.0000"
"6507","Durack","1","1.0000"
"6509","Durack","1","1.0000"
"6510","Durack","1","1.0000"
"6511","Durack","1","1.0000"
"6512","Durack","1","1.0000"
"6513","Durack","1","1.0000"
"6514","Durack","1","1.0000"
"6515","Durack","1","1.0000"
"6516","Durack","1","1.0000"
"6517","Durack","1","1.0000"
"6518","Durack","1","1.0000"
"6519","Durack","1","1.0000"
"6521","Durack","1","1.0000"
"6522","Durack","1","1.0000"
"6525","Durack","1","1.0000"
"6528","Durack","1","1.0000"
"6530","Durack","1","1.0000"
"6532","Durack","1","1.0000"
"6535","Durack","1","1.0000"
"6536","Durack","1","1.0000"
"6537","Durack","1","1.0000"
"6556","Hasluck","1","1.0000"
"6558","Hasluck","1","1.0000"
"6560","Pearce","1","1.0000"
"6562","Pearce","1","1.0000"
"6564","Pearce","1","1.0000"
"6566","Pearce","2","0.7908"
"6566","Durack","2","0.2092"
"6567","Pearce","1","1.0000"
"6568","Pearce","2","0.3227"
"6568","Durack","2","0.6773"
"6569","Durack","1","1.0000"
"6571","Durack","1","1.0000"
"6572","Durack","1","1.0000"
"6574","Durack","1","1.0000"
"6575","Durack","1","1.0000"
"6603","Durack","1","1.0000"
"6605","Durack","1","1.0000"
"6606","Durack","1","1.0000"
"6608","Durack","1","1.0000"
"6609","Durack","1","1.0000"
"6612","Durack","1","1.0000"
"6613","Durack","1","1.0000"
"6614","Durack","1","1.0000"
"6616","Durack","1","1.0000"
"6620","Durack","1","1.0000"
"6623","Durack","1","1.0000"
"6625","Durack","1","1.0000"
"6627","Durack","1","1.0000"
"6628","Durack","1","1.0000"
"6630","Durack","1","1.0000"
"6631","Durack","1","1.0000"
"6632","Durack","1","1.0000"
"6635","Durack","1","1.0000"
"6638","Durack","1","1.0000"
"6639","Durack","1","1.0000"
"6640","Durack","1","1.0000"
"6642","Durack","1","1.0000"
"6646","Durack","1","1.0000"
"6701","Durack","1","1.0000"
"6705","Durack","1","1.0000"
"6707","Durack","1","1.0000"
"6710","Durack","1","1.0000"
"6711","Durack","1","1.0000"
"6712","Durack","1","1.0000"
"6713","Durack","1","1.0000"
"6714","Durack","1","1.0000"
"6716","Durack","1","1.0000"
"6718","Durack","1","1.0000"
"6720","Durack","1","1.0000"
"6721","Durack","1","1.0000"
"6722","Durack","1","1.0000"
"6725","Durack","1","1.0000"
"6726","Durack","1","1.0000"
"6728","Durack","1","1.0000"
"6731","Durack","1","1.0000"
"6733","Durack","1","1.0000"
"6740","Durack","1","1.0000"
"6743","Durack","1","1.0000"
"6751","Durack","1","1.0000"
"6753","Durack","1","1.0000"
"6754","Durack","1","1.0000"
"6758","Durack","1","1.0000"
"6760","Durack","1","1.0000"
"6762","Durack","1","1.0000"
"6765","Durack","1","1.0000"
"6770","Durack","1","1.0000"
"6798","Lingiari","1","1.0000"
"6799","Lingiari","1","1.0000"
"7000","Denison","1","1.0000"
"7001","Franklin","1","1.0000"
"7004","Denison","1","1.0000"
"7005","Denison","1","1.0000"
"7007","Denison","1","1.0000"
"7008","Denison","1","1.0000"
"7009","Denison","1","1.0000"
"7010","Denison","1","1.0000"
"7011","Denison","2","0.8412"
"7011","Lyons","2","0.1588"
"7012","Denison","2","0.7888"
"7012","Lyons","2","0.2112"
"7015","Franklin","1","1.0000"
"7016","Franklin","1","1.0000"
"7017","Lyons","2","0.7001"
"7017","Franklin","2","0.2999"
"7018","Franklin","1","1.0000"
"7019","Franklin","1","1.0000"
"7020","Franklin","1","1.0000"
"7021","Franklin","1","1.0000"
"7022","Franklin","1","1.0000"
"7023","Franklin","1","1.0000"
"7024","Franklin","1","1.0000"
"7025","Franklin","1","1.0000"
"7026","Lyons","2","0.9415"
"7026","Franklin","2","0.0585"
"7027","Lyons","1","1.0000"
"7030","Lyons","1","1.0000"
"7050","Denison","2","0.5985"
"7050","Franklin","2","0.4015"
"7052","Franklin","1","1.0000"
"7053","Denison","1","1.0000"
"7054","Denison","3","0.3891"
"7054","Franklin","3","0.3701"
"7054","Lyons","3","0.2408"
"7055","Franklin","1","1.0000"
"7109","Franklin","1","1.0000"
"7112","Franklin","1","1.0000"
"7113","Franklin","1","1.0000"
"7116","Franklin","1","1.0000"
"7117","Franklin","1","1.0000"
"7119","Lyons","1","1.0000"
"7120","Lyons","1","1.0000"
"7139","Lyons","1","1.0000"
"7140","Lyons","3","0.4528"
"7140","Braddon","3","0.3411"
"7140","Franklin","3","0.2061"
"7150","Franklin","1","1.0000"
"7155","Franklin","1","1.0000"
"7162","Franklin","1","1.0000"
"7163","Franklin","1","1.0000"
"7170","Franklin","1","1.0000"
"7171","Lyons","1","1.0000"
"7172","Lyons","1","1.0000"
"7173","Lyons","1","1.0000"
"7174","Lyons","1","1.0000"
"7175","Lyons","1","1.0000"
"7176","Lyons","1","1.0000"
"7177","Lyons","1","1.0000"
"7178","Lyons","1","1.0000"
"7179","Lyons","1","1.0000"
"7180","Lyons","1","1.0000"
"7182","Lyons","1","1.0000"
"7183","Lyons","1","1.0000"
"7184","Lyons","1","1.0000"
"7185","Lyons","1","1.0000"
"7186","Lyons","1","1.0000"
"7187","Lyons","1","1.0000"
"7190","Lyons","1","1.0000"
"7209","Lyons","1","1.0000"
"7210","Lyons","1","1.0000"
"7211","Lyons","1","1.0000"
"7212","Lyons","2","0.7379"
"7212","Bass","2","0.2621"
"7213","Lyons","1","1.0000"
"7214","Lyons","2","0.9596"
"7214","Bass","2","0.0404"
"7215","Lyons","1","1.0000"
"7216","Lyons","1","1.0000"
"7248","Bass","1","1.0000"
"7249","Bass","1","1.0000"
"7250","Bass","2","0.8968"
"7250","Lyons","2","0.1032"
"7252","Bass","1","1.0000"
"7253","Bass","1","1.0000"
"7254","Bass","1","1.0000"
"7255","Bass","1","1.0000"
"7256","Braddon","1","1.0000"
"7257","Bass","1","1.0000"
"7258","Lyons","2","0.3937"
"7258","Bass","2","0.6063"
"7259","Bass","1","1.0000"
"7260","Bass","1","1.0000"
"7261","Bass","1","1.0000"
"7262","Bass","1","1.0000"
"7263","Bass","1","1.0000"
"7264","Bass","2","0.6353"
"7264","Lyons","2","0.3647"
"7265","Bass","1","1.0000"
"7267","Bass","1","1.0000"
"7268","Bass","1","1.0000"
"7270","Lyons","1","1.0000"
"7275","Lyons","1","1.0000"
"7276","Lyons","1","1.0000"
"7277","Lyons","2","0.7010"
"7277","Bass","2","0.2990"
"7290","Lyons","2","0.5426"
"7290","Bass","2","0.4574"
"7291","Lyons","1","1.0000"
"7292","Lyons","1","1.0000"
"7300","Lyons","1","1.0000"
"7301","Lyons","1","1.0000"
"7302","Lyons","1","1.0000"
"7303","Lyons","1","1.0000"
"7304","Lyons","1","1.0000"
"7305","Lyons","1","1.0000"
"7306","Lyons","2","0.7463"
"7306","Braddon","2","0.2537"
"7307","Lyons","2","0.8539"
"7307","Braddon","2","0.1461"
"7310","Lyons","2","0.5335"
"7310","Braddon","2","0.4665"
"7315","Braddon","2","0.9687"
"7315","Lyons","2","0.0313"
"7316","Braddon","1","1.0000"
"7320","Braddon","1","1.0000"
"7321","Braddon","1","1.0000"
"7322","Braddon","1","1.0000"
"7325","Braddon","1","1.0000"
"7330","Braddon","1","1.0000"
"7331","Braddon","1","1.0000"
"7466","Braddon","1","1.0000"
"7467","Braddon","1","1.0000"
"7468","Braddon","1","1.0000"
"7469","Braddon","1","1.0000"
"7470","Braddon","1","1.0000"
"800","Solomon","1","1.0000"
"810","Solomon","1","1.0000"
"812","Solomon","1","1.0000"
"815","Solomon","1","1.0000"
"820","Solomon","1","1.0000"
"822","Lingiari","1","1.0000"
"828","Solomon","1","1.0000"
"829","Solomon","2","0.5490"
"829","Lingiari","2","0.4510"
"830","Lingiari","2","0.6098"
"830","Solomon","2","0.3902"
"832","Solomon","1","1.0000"
"834","Lingiari","1","1.0000"
"835","Lingiari","1","1.0000"
"836","Lingiari","1","1.0000"
"837","Lingiari","1","1.0000"
"838","Lingiari","1","1.0000"
"839","Lingiari","1","1.0000"
"840","Lingiari","1","1.0000"
"841","Lingiari","1","1.0000"
"845","Lingiari","1","1.0000"
"846","Lingiari","1","1.0000"
"847","Lingiari","1","1.0000"
"850","Lingiari","1","1.0000"
"852","Lingiari","1","1.0000"
"853","Lingiari","1","1.0000"
"854","Lingiari","1","1.0000"
"860","Lingiari","1","1.0000"
"862","Lingiari","1","1.0000"
"870","Lingiari","1","1.0000"
"872","Lingiari","4","0.6339"
"872","O'Connor","4","0.1623"
"872","Durack","4","0.1175"
"872","Grey","4","0.0863"
"873","Lingiari","1","1.0000"
"874","Lingiari","1","1.0000"
"875","Lingiari","1","1.0000"
"880","Lingiari","1","1.0000"
"885","Lingiari","1","1.0000"
"886","Lingiari","1","1.0000"
